date,rail_lrt_ampang,rail_mrt_kajang,rail_lrt_kj,rail_monorail,rail_mrt_pjy,rail_ets,rail_intercity,rail_komuter_utara,rail_tebrau,rail_komuter
1/1/2021,54211,49130,56441,14651,,5284,1501,5632,,
2/1/2021,57689,51302,59116,13541,,4641,1660,5105,,
3/1/2021,46277,40364,46212,11088,,6561,1296,6051,,
4/1/2021,90205,80414,105722,17337,,4071,914,5581,,
5/1/2021,90728,79556,107425,17631,,3444,863,4549,,
6/1/2021,92146,81437,108447,17316,,3350,589,4221,,
7/1/2021,90757,79988,106278,17616,,3314,240,4774,,
8/1/2021,90902,78989,106353,17505,,4556,212,5131,,
9/1/2021,62257,52620,61519,13417,,4512,295,4268,,
10/1/2021,52585,44401,50852,12325,,5038,598,5171,,
11/1/2021,89789,77567,102358,16845,,3756,455,4735,,
12/1/2021,95446,81574,108346,18598,,5813,703,5066,,
13/1/2021,49985,38866,56878,8756,,992,217,1857,,
14/1/2021,51840,41190,58141,9263,,975,357,1964,,
15/1/2021,54421,43189,61169,9807,,1470,363,1837,,
16/1/2021,35227,26096,32613,6671,,691,181,1112,,
17/1/2021,24605,17952,21883,5310,,874,164,1357,,
18/1/2021,56901,44509,62247,10166,,740,111,2209,,
19/1/2021,56890,44457,61749,9970,,721,123,2092,,
20/1/2021,57132,45237,62261,9969,,843,140,2049,,
21/1/2021,57300,45315,62297,10248,,876,154,2325,,
22/1/2021,57511,46049,62662,10277,,537,129,1415,,
23/1/2021,37499,28350,34947,7304,,404,148,829,,
24/1/2021,27255,21041,24620,5917,,528,161,993,,
25/1/2021,60848,48229,66111,10233,,464,148,1883,,
26/1/2021,60084,47867,65473,10462,,504,181,1781,,
27/1/2021,60852,48522,67459,10497,,641,174,1837,,
28/1/2021,33386,25336,30811,6524,,715,212,1357,,
29/1/2021,60293,48077,65862,9955,,891,121,1733,,
30/1/2021,39809,30391,37156,7127,,802,140,1233,,
31/1/2021,29836,22460,26957,5980,,820,230,1350,,
1/2/2021,37316,30512,39619,6029,,742,183,1995,,
2/2/2021,64167,50598,70196,10634,,754,118,1844,,
3/2/2021,64074,50683,69893,10738,,622,149,1898,,
4/2/2021,63832,50718,70189,10440,,734,203,1970,,
5/2/2021,64961,52562,72160,10898,,935,106,1897,,
6/2/2021,43782,34017,41153,7822,,776,141,1222,,
7/2/2021,34007,26100,30294,6642,,838,204,1412,,
8/2/2021,66768,55191,74054,10994,,823,206,2237,,
9/2/2021,68334,55269,74408,11234,,836,187,2141,,
10/2/2021,69944,57482,76120,12284,,1129,219,2424,,
11/2/2021,63139,51344,68335,11622,,1254,292,2442,,
12/2/2021,36993,31571,35574,8655,,869,139,1069,,
13/2/2021,40424,34129,36887,9377,,656,197,881,,
14/2/2021,40615,36179,37788,9173,,1149,186,1519,,
15/2/2021,66715,56711,73785,12255,,1135,245,2476,,
16/2/2021,68807,57905,76752,12504,,995,194,2159,,
17/2/2021,69874,58778,77794,12896,,865,191,2186,,
18/2/2021,71628,60393,80181,12738,,1025,260,2306,,
19/2/2021,73234,62233,82378,13110,,1363,248,2466,,
20/2/2021,53456,46080,53163,11540,,1228,350,1659,,
21/2/2021,43941,38980,42100,10218,,1455,470,2022,,
22/2/2021,76692,65498,85543,13703,,1122,349,2800,,
23/2/2021,76451,65376,86853,13808,,1009,322,2455,,
24/2/2021,76721,66011,86974,12751,,993,317,2554,,
25/2/2021,77135,66066,86872,13521,,1160,428,2690,,
26/2/2021,78494,68461,89099,13952,,1605,363,2825,,
27/2/2021,59015,52175,58981,11822,,1334,467,1952,,
28/2/2021,48225,42699,47842,10943,,1593,604,2293,,
1/3/2021,82226,71490,92058,14845,,1184,318,2957,,
2/3/2021,80945,70288,92411,14196,,1048,319,2606,,
3/3/2021,83038,73463,94027,14838,,1004,297,2615,,
4/3/2021,82432,72406,94162,14442,,1088,499,2845,,
5/3/2021,87751,79851,101936,16737,,1814,683,3439,,
6/3/2021,63873,61206,66104,14608,,1488,1025,2527,,
7/3/2021,53935,52253,54533,14250,,1699,952,3137,,
8/3/2021,90962,82405,105108,17039,,1546,654,3425,,
9/3/2021,92120,83704,108667,16896,,1282,615,3136,,
10/3/2021,93118,85661,110849,16982,,1406,569,3400,,
11/3/2021,90626,84095,108473,16863,,1567,714,2810,,
12/3/2021,92502,85720,111022,17134,,1994,1256,3609,,
13/3/2021,66537,63669,69772,14614,,1703,1300,2761,,
14/3/2021,54499,53691,56178,13212,,2055,1029,3392,,
15/3/2021,91264,84622,110124,16620,,1873,839,3721,,
16/3/2021,92292,84807,111874,16832,,1576,617,3191,,
17/3/2021,93317,87891,113717,17111,,1549,497,3287,,
18/3/2021,93139,86283,112372,17086,,1630,829,3581,,
19/3/2021,95594,89960,115688,17699,,2519,1515,3733,,
20/3/2021,66891,65508,72641,14900,,1928,1861,3046,,
21/3/2021,55018,55334,57925,13064,,2543,1073,3398,,
22/3/2021,94390,88117,113268,17080,,1961,672,3888,,
23/3/2021,95278,89568,115322,17066,,1773,928,3552,,
24/3/2021,95788,91262,117147,17121,,1801,655,3601,,
25/3/2021,95332,90338,116785,17097,,1998,1134,3892,,
26/3/2021,98018,93967,119991,18014,,2915,1792,4303,,
27/3/2021,70989,70358,76454,15905,,2357,1959,3513,,
28/3/2021,60638,59376,62657,14689,,2657,1658,3992,,
29/3/2021,91672,88863,111647,17910,,2346,1062,4374,,
30/3/2021,97391,93397,119692,18798,,2155,1302,4271,,
31/3/2021,99670,95695,121257,19234,,2223,1162,3885,,
1/4/2021,100004,97357,124099,19230,,2463,1603,4220,,
2/4/2021,101544,98326,125897,19770,,3009,2025,4488,,
3/4/2021,74635,75168,81259,17433,,2636,1947,3727,,
4/4/2021,61668,61421,65377,15540,,3190,1199,4148,,
5/4/2021,103768,97854,126050,19618,,2614,765,4279,,
6/4/2021,105676,100571,130179,19855,,2154,584,3779,,
7/4/2021,107600,103161,132895,20077,,2060,790,3815,,
8/4/2021,108246,102541,132562,19974,,2407,1457,4231,,
9/4/2021,110663,108113,138352,21337,,3353,1801,4693,,
10/4/2021,79850,78523,87269,19149,,2634,2131,3915,,
11/4/2021,66650,67313,71158,17624,,3220,1419,4407,,
12/4/2021,97683,107682,137307,23234,,2494,938,4672,,
13/4/2021,98140,95326,122661,18368,,1523,506,2664,,
14/4/2021,101491,98204,126411,18396,,1740,421,3683,,
15/4/2021,102912,99259,127339,18614,,1757,766,3767,,
16/4/2021,102846,100353,128502,18648,,2457,512,3892,,
17/4/2021,62885,59039,66992,12525,,1995,747,3022,,
18/4/2021,51693,49050,53374,11359,,2439,673,3540,,
19/4/2021,99582,95321,123934,17440,,1908,345,3976,,
20/4/2021,100125,95349,125511,17810,,1538,427,3291,,
21/4/2021,99845,95906,125346,17277,,1521,309,3399,,
22/4/2021,98280,93670,122826,17031,,1810,455,3705,,
23/4/2021,100610,96445,125586,17845,,2148,370,3667,,
24/4/2021,66288,60736,68983,12902,,1442,446,2581,,
25/4/2021,53247,49432,53755,11541,,2064,505,3115,,
26/4/2021,98932,93508,121348,17190,,2120,344,3993,,
27/4/2021,97767,92484,121352,17018,,1574,339,3387,,
28/4/2021,99094,94502,123513,17051,,2264,324,3515,,
29/4/2021,59338,53997,61174,12242,,1889,469,3139,,
30/4/2021,94898,89300,115031,16933,,1833,474,3865,,
1/5/2021,62670,54409,61649,15084,,1295,458,1858,,
2/5/2021,54888,48816,53313,12328,,1990,557,2888,,
3/5/2021,98962,90928,118646,17135,,1888,417,3568,,
4/5/2021,98180,90416,118594,16991,,1521,387,3039,,
5/5/2021,102981,98096,126221,17377,,1678,339,2909,,
6/5/2021,94099,79600,108438,16261,,1961,709,3150,,
7/5/2021,85073,71193,97879,13509,,1958,581,3238,,
8/5/2021,56081,40888,51798,9857,,1442,798,2000,,
9/5/2021,42425,26830,34109,8706,,1484,878,2522,,
10/5/2021,72570,59113,81575,11980,,1553,446,2939,,
11/5/2021,70656,57120,77436,11908,,1673,519,3182,,
12/5/2021,60919,51806,65534,10681,,1482,415,2201,,
13/5/2021,23952,20743,23173,5248,,500,175,557,,
14/5/2021,27937,24079,26414,6292,,620,328,758,,
15/5/2021,37524,31636,34669,7463,,1003,494,1184,,
16/5/2021,32573,26733,29457,6673,,1914,642,2076,,
17/5/2021,66153,56676,73794,10570,,1565,463,2787,,
18/5/2021,67370,56877,75846,11014,,1186,424,2370,,
19/5/2021,68398,57746,77931,10742,,1006,273,1675,,
20/5/2021,67246,56503,74901,10470,,911,429,1470,,
21/5/2021,66884,56065,74120,10536,,1105,397,1534,,
22/5/2021,42587,33288,39848,7202,,695,349,921,,
23/5/2021,28167,20094,26259,5833,,752,343,965,,
24/5/2021,63987,53591,69981,9958,,621,287,1700,,
25/5/2021,52928,46168,48469,9650,,580,305,1309,,
26/5/2021,27905,22779,22670,5788,,598,155,699,,
27/5/2021,52055,45118,49948,9201,,461,293,1244,,
28/5/2021,52387,45552,48823,9422,,526,197,1181,,
29/5/2021,37095,30353,32566,6726,,627,263,860,,
30/5/2021,27623,22864,23407,5636,,800,490,1004,,
31/5/2021,56976,48307,57284,10079,,1015,367,1801,,
1/6/2021,21779,18177,25904,3845,,89,41,732,,
2/6/2021,23769,19464,27862,4193,,85,37,794,,
3/6/2021,24465,19541,28476,4287,,77,60,781,,
4/6/2021,24212,19430,28452,4195,,95,28,779,,
5/6/2021,15621,12370,16510,3068,,69,52,527,,
6/6/2021,12089,9112,12108,2539,,50,37,465,,
7/6/2021,12805,9592,13201,2619,,64,56,436,,
8/6/2021,26454,21292,30626,4756,,119,80,946,,
9/6/2021,26102,21211,30925,4432,,117,93,931,,
10/6/2021,26410,21222,31204,4645,,71,60,893,,
11/6/2021,26716,21763,31623,4768,,116,51,835,,
12/6/2021,16164,11149,17835,3323,,58,55,612,,
13/6/2021,13497,10027,13775,2626,,103,81,647,,
14/6/2021,28627,22976,33289,4993,,172,101,1094,,
15/6/2021,29334,23335,34156,4482,,155,86,1069,,
16/6/2021,29071,23482,34037,4831,,132,96,1106,,
17/6/2021,28883,23216,33881,4672,,134,87,1137,,
18/6/2021,29147,23856,34181,4673,,153,76,1065,,
19/6/2021,18627,14848,19957,3166,,105,74,676,,
20/6/2021,13494,10234,13733,2614,,114,103,653,,
21/6/2021,30731,24584,35097,4978,,160,92,1213,,
22/6/2021,30456,24015,34981,4977,,141,76,1160,,
23/6/2021,30586,24483,35213,4748,,135,96,1138,,
24/6/2021,30267,23842,35001,4894,,125,65,1174,,
25/6/2021,30464,24385,35379,4944,,151,66,1174,,
26/6/2021,19968,14992,20955,3645,,113,63,746,,
27/6/2021,14480,11113,14572,2784,,125,74,843,,
28/6/2021,31405,25527,35873,5142,,183,77,1377,,
29/6/2021,32274,25134,36947,5344,,174,94,1216,,
30/6/2021,33478,26115,38094,5456,,171,71,1323,,
1/7/2021,33304,25911,37838,5415,,194,96,1322,,
2/7/2021,35165,27266,39779,5538,,219,94,1392,,
3/7/2021,16429,11915,17602,3120,,137,74,970,,
4/7/2021,12601,9219,13341,2646,,121,81,1021,,
5/7/2021,27279,21214,30976,4567,,187,105,1552,,
6/7/2021,27932,21188,31404,4695,,157,109,1385,,
7/7/2021,28556,21698,32047,4858,,143,75,1217,,
8/7/2021,28008,21476,31655,4643,,145,117,1410,,
9/7/2021,29153,22134,32508,4819,,182,109,1512,,
10/7/2021,18970,13572,19210,3221,,131,100,874,,
11/7/2021,14470,10251,14099,2944,,91,87,1018,,
12/7/2021,29280,22265,32868,4913,,195,79,1628,,
13/7/2021,29459,21840,32817,4625,,155,122,1488,,
14/7/2021,29178,21581,32533,4726,,135,107,1456,,
15/7/2021,28811,21239,32400,4853,,205,122,1536,,
16/7/2021,29623,21688,32348,4741,,229,117,1583,,
17/7/2021,19997,14092,20183,3668,,136,89,1070,,
18/7/2021,15822,11100,15458,2999,,120,157,1120,,
19/7/2021,30444,22981,33404,5195,,162,129,1423,,
20/7/2021,15697,11081,15442,2840,,91,69,515,,
21/7/2021,29944,22713,33517,4800,,165,102,1257,,
22/7/2021,31823,23749,34958,4991,,195,148,1541,,
23/7/2021,31902,24109,35405,5060,,205,130,1399,,
24/7/2021,21735,15606,21818,3657,,159,113,1015,,
25/7/2021,16728,11366,16010,3415,,150,137,1152,,
26/7/2021,33487,25159,36619,5277,,189,94,1595,,
27/7/2021,33705,24748,36545,5492,,190,87,1463,,
28/7/2021,34037,24942,36812,5301,,165,95,1404,,
29/7/2021,33958,25205,36230,5153,,164,135,1593,,
30/7/2021,33681,25502,37136,5144,,199,110,1363,,
31/7/2021,23666,17231,24050,4053,,139,133,939,,
1/8/2021,19634,12979,17678,3248,,143,104,1050,,
2/8/2021,33577,26304,37432,5307,,197,76,1584,,
3/8/2021,32742,25420,36467,5240,,181,117,1464,,
4/8/2021,33383,25894,36820,5327,,185,68,1549,,
5/8/2021,32851,25114,36330,5358,,173,114,1431,,
6/8/2021,33906,25366,36807,5735,,194,99,1416,,
7/8/2021,22421,16611,22937,4083,,128,114,960,,
8/8/2021,16668,12651,16691,3437,,124,117,1053,,
9/8/2021,36277,26848,38919,6020,,180,81,1590,,
10/8/2021,21859,14473,20399,3901,,117,134,836,,
11/8/2021,36725,27172,39321,5943,,204,116,1474,,
12/8/2021,37534,26713,38936,5765,,159,103,1376,,
13/8/2021,37880,26939,39405,5966,,229,134,1280,,
14/8/2021,25778,17136,25005,4498,,141,104,871,,
15/8/2021,19993,12978,17822,3953,,124,104,973,,
16/8/2021,41897,17815,42716,7850,,188,111,1577,,
17/8/2021,43235,24820,42859,6947,,175,88,1366,,
18/8/2021,45310,29069,43961,7129,,191,87,1403,,
19/8/2021,42916,30129,44314,6707,,157,129,1388,,
20/8/2021,41551,31715,46225,7490,,235,104,1394,,
21/8/2021,27325,17684,26479,4311,,153,91,907,,
22/8/2021,27240,14912,24315,5330,,153,142,1033,,
23/8/2021,44195,33105,45287,7032,,225,177,1591,,
24/8/2021,42665,32467,44954,7067,,187,159,1450,,
25/8/2021,44081,32893,46271,7030,,185,143,1467,,
26/8/2021,43066,33310,46028,6897,,204,171,1532,,
27/8/2021,44561,34363,47007,7081,,236,173,1460,,
28/8/2021,32942,25767,32874,6083,,190,191,1040,,
29/8/2021,25714,20540,24797,5236,,172,183,1077,,
30/8/2021,46080,35491,48363,7365,,215,200,1597,,
31/8/2021,27944,21371,26186,5808,,199,200,937,,
1/9/2021,50043,38339,51066,7947,,210,200,1780,,
2/9/2021,49046,38238,50883,7738,,223,204,1568,,
3/9/2021,50593,38892,52020,8007,,243,207,1543,,
4/9/2021,38147,29820,36715,7051,,172,238,1135,,
5/9/2021,31523,24760,29180,6435,,203,206,1340,,
6/9/2021,52306,41289,54421,8466,,230,197,1844,,
7/9/2021,52994,41671,54579,8559,,222,216,1633,,
8/9/2021,53468,42049,55414,8647,,219,221,1706,,
9/9/2021,54783,42162,55234,8832,,198,272,1664,,
10/9/2021,55150,43676,57171,8886,,274,294,1708,,
11/9/2021,44258,35723,42950,8760,,220,339,1166,,
12/9/2021,37959,31417,35059,8379,,198,283,1338,,
13/9/2021,55809,46176,58399,9489,,317,325,1921,,
14/9/2021,57617,47570,60726,9670,,265,349,1689,,
15/9/2021,57894,48516,62667,9532,,362,376,2074,,
16/9/2021,37614,31830,37270,8170,,244,490,1075,,
17/9/2021,56894,48218,60696,9777,,298,354,1765,,
18/9/2021,43192,38003,43757,8473,,223,425,1289,,
19/9/2021,35749,31499,36303,8393,,296,386,1636,,
20/9/2021,60365,51067,65313,10145,,378,325,2054,,
21/9/2021,58328,50383,64237,10055,,303,323,1837,,
22/9/2021,60457,51396,66409,10090,,277,362,1831,,
23/9/2021,60084,51080,66331,10142,,295,476,1885,,
24/9/2021,61744,52669,67809,10438,,374,761,1894,,
25/9/2021,47517,42575,49764,9564,,253,942,1389,,
26/9/2021,40091,35416,39094,9129,,297,565,1644,,
27/9/2021,63147,54540,69287,10969,,391,597,2182,,
28/9/2021,63011,53964,69490,10776,,302,604,1930,,
29/9/2021,63050,55314,70513,11125,,280,869,1947,,
30/9/2021,64534,56052,71666,11291,,379,868,2068,,
1/10/2021,66925,59836,75816,11954,,412,1272,2268,,
2/10/2021,51902,49472,55193,12282,,276,1146,1728,,
3/10/2021,44553,42615,46457,12126,,368,1006,2028,,
4/10/2021,68726,61879,78100,12204,,414,791,2498,,
5/10/2021,68453,61957,78925,12047,,366,939,2120,,
6/10/2021,69631,63588,80785,12652,,302,1249,2103,,
7/10/2021,70149,63425,80582,12446,,354,1175,2263,,
8/10/2021,72008,66997,84593,13545,,493,1991,2387,,
9/10/2021,55540,52921,61120,12935,,340,1924,2050,,
10/10/2021,47420,46370,51303,13005,,337,1532,2220,,
11/10/2021,72015,65688,84459,13440,,581,1211,2940,,
12/10/2021,72584,65360,85624,13007,,528,1106,2685,,
13/10/2021,72786,65718,85803,13553,,514,1260,2777,,
14/10/2021,72675,64862,84689,12943,,2232,1577,3004,,
15/10/2021,74170,67456,86445,13940,,3075,2712,3651,,
16/10/2021,56012,51048,61053,12970,,3059,2556,3333,,
17/10/2021,45945,44486,50456,12171,,2845,1986,3317,,
18/10/2021,71434,64118,82533,13427,,2421,1833,3611,,
19/10/2021,48761,45029,52386,11512,,3126,2784,2792,,
20/10/2021,73296,66959,89523,13373,,2540,1518,3372,,
21/10/2021,76519,68200,91679,13558,,2512,1808,3396,,
22/10/2021,77917,70838,95080,14024,,3437,2560,3978,,
23/10/2021,54227,51712,60774,12675,,2993,2982,3798,,
24/10/2021,46542,43636,49475,11803,,3372,2143,3811,,
25/10/2021,77205,68962,91283,13626,,2948,1747,3772,,
26/10/2021,78186,70355,93399,13900,,2421,1852,3324,,
27/10/2021,79532,71676,95063,14324,,2396,2005,3562,,
28/10/2021,78616,71827,94715,14265,,2866,2308,3980,,
29/10/2021,80646,75099,100053,15258,,3818,3287,4703,,
30/10/2021,58750,57798,69309,14277,,3673,3909,4330,,
31/10/2021,51402,50765,59246,14026,,3969,2221,4623,,
1/11/2021,84432,78125,104905,16639,,3339,1773,4396,,
2/11/2021,85826,78845,106712,16475,,3683,2044,4333,,
3/11/2021,86846,80166,107388,17659,,4515,2825,5642,,
4/11/2021,56131,55192,65000,17493,,4537,4047,6109,,
5/11/2021,78050,74267,98945,18522,,4115,3683,5860,,
6/11/2021,62130,61227,71646,16955,,4334,4105,5806,,
7/11/2021,53605,50595,57591,14757,,4790,2745,6971,,
8/11/2021,87234,79900,106991,16336,,4465,1775,5438,,
9/11/2021,86768,80788,109067,16303,,3539,1680,4662,,
10/11/2021,89051,82991,112012,17069,,3259,1818,4581,,
11/11/2021,88302,82427,111312,16654,,3468,2720,4783,,
12/11/2021,90180,84930,114562,17709,,4557,2864,5858,,
13/11/2021,63146,63033,72628,15364,,4281,3182,5485,,
14/11/2021,53921,53898,60513,14351,,4868,2061,5746,,
15/11/2021,87983,82762,110823,16474,,3694,1333,5078,,
16/11/2021,90078,85001,114461,17279,,3027,1185,4405,,
17/11/2021,91163,86139,116211,17121,,3102,1295,4560,,
18/11/2021,89823,85444,114512,16191,,3611,1710,4902,,
19/11/2021,91703,87063,117102,17301,,5078,2768,6070,,
20/11/2021,61928,62619,71981,15242,,4778,2880,5543,,
21/11/2021,51709,53132,60291,14530,,5132,1780,5961,,
22/11/2021,86677,83291,113073,17055,,3871,1373,4964,,
23/11/2021,87624,85496,115782,17110,,3283,1325,4341,,
24/11/2021,89304,87183,117942,17410,,3213,1375,4479,,
25/11/2021,91195,86875,116067,16937,,3852,1493,4931,,
26/11/2021,95358,90477,120365,18732,,5223,2696,6098,,
27/11/2021,66511,66870,78203,17368,,4968,3131,5783,,
28/11/2021,56637,57389,65438,15391,,5539,1607,6004,,
29/11/2021,90221,85130,113725,17137,,4033,1261,5060,,
30/11/2021,98870,86754,117002,17646,,3456,1110,4591,,
1/12/2021,94944,89702,119729,17889,,3346,1176,4619,,
2/12/2021,93672,88893,118429,18363,,4234,1531,5326,,
3/12/2021,76139,74669,92108,15292,,5649,2077,6733,,
4/12/2021,69624,68284,80805,17712,,5257,2469,6541,,
5/12/2021,61028,60917,68820,17123,,5531,1654,6723,,
6/12/2021,93561,88825,117216,18160,,4382,1431,5626,,
7/12/2021,96633,91256,120498,18297,,3691,1303,4910,,
8/12/2021,97184,93931,123450,18421,,3847,1447,5109,,
9/12/2021,97350,92933,124696,18556,,4624,1980,5713,,
10/12/2021,101395,96086,128119,20569,,5873,3034,6714,,
11/12/2021,74426,76648,87969,19897,,5862,3440,6668,,
12/12/2021,64270,65069,72652,18792,,6000,2863,7592,,
13/12/2021,95983,92010,119855,19432,,5682,2398,6076,,
14/12/2021,97115,94629,123406,19096,,5081,2627,5516,,
15/12/2021,98677,97407,125779,19370,,5153,2688,5909,,
16/12/2021,99444,97692,126617,19966,,5545,2812,6584,,
17/12/2021,100031,97844,126018,21318,,6167,3163,6846,,
18/12/2021,66975,70289,76103,17566,,5759,2081,7027,,
19/12/2021,60126,60824,64835,16554,,6213,2051,7298,,
20/12/2021,89874,88233,109618,18680,,5982,2016,7194,,
21/12/2021,91701,90305,116675,18267,,5582,1577,6629,,
22/12/2021,94959,94725,118920,18875,,5585,1474,6997,,
23/12/2021,93720,94428,119331,19140,,6507,2092,7647,,
24/12/2021,95470,95482,117766,20653,,6994,2592,8134,,
25/12/2021,67989,76922,76780,23144,,6434,3927,7531,,
26/12/2021,62524,65996,68342,18757,,6946,3226,8007,,
27/12/2021,90506,88109,113198,17988,,6374,2490,7406,,
28/12/2021,92759,91073,116871,18818,,5612,2630,6328,,
29/12/2021,93341,93076,118043,18735,,5653,2217,6503,,
30/12/2021,93283,92718,117573,18808,,5983,2119,7326,,
31/12/2021,101935,104751,126328,25684,,6712,2003,8740,,
1/1/2022,71002,76294,84319,25112,,5789,1668,7744,,
2/1/2022,61952,61436,69092,17318,,6583,1516,7946,,
3/1/2022,98823,95714,127098,18272,,4936,1344,6942,,
4/1/2022,101465,98546,132713,19085,,3981,1407,5767,,
5/1/2022,103732,97942,133924,19952,,3772,1437,5427,,
6/1/2022,101724,99296,132767,19174,,3987,1988,6094,,
7/1/2022,105127,102232,134437,20734,,4988,2181,6852,,
8/1/2022,73222,75906,81698,18684,,4783,2210,6212,,
9/1/2022,63425,63752,68595,17786,,5404,1275,6309,,
10/1/2022,107164,102406,136382,19486,,3764,954,5251,,
11/1/2022,106859,103597,137666,19005,,2995,1012,4745,,
12/1/2022,106828,103636,138009,19245,,3146,865,4600,,
13/1/2022,105268,102554,136254,18356,,3727,1120,4990,,
14/1/2022,107544,104953,138134,20154,,4799,1923,5715,,
15/1/2022,71825,72486,79576,16644,,5917,1827,5709,,
16/1/2022,61116,61057,66479,15740,,6331,1255,6241,,
17/1/2022,104506,99212,129828,18873,,4077,1050,5426,,
18/1/2022,62011,62590,67733,13922,,5086,1290,4944,,
19/1/2022,109919,105715,140682,19063,,3591,787,4907,,
20/1/2022,108478,104420,137868,19792,,4006,1253,5020,,
21/1/2022,112210,106791,138395,20550,,5844,2344,5788,,
22/1/2022,53564,54690,61840,9974,,5196,2303,5257,,
23/1/2022,60214,57822,62420,15023,,6517,1266,5952,,
24/1/2022,108703,102610,135619,19588,,4137,861,5137,,
25/1/2022,110167,104543,140534,19655,,3782,964,4717,,
26/1/2022,111403,106749,141511,19845,,4145,1099,4652,,
27/1/2022,109902,103822,138386,19757,,5752,1678,5281,,
28/1/2022,113558,106341,139472,20994,,9980,3049,6871,,
29/1/2022,72669,68356,75894,16594,,10369,3626,6872,,
30/1/2022,62180,58966,65290,17920,,9715,3403,7248,,
31/1/2022,82007,72692,97788,20381,,9375,3660,7906,,
1/2/2022,65002,62592,78843,24393,,8567,4538,7581,,
2/2/2022,55368,46568,63266,19409,,10361,4300,8086,,
3/2/2022,62127,52926,74221,16489,,9344,3390,7146,,
4/2/2022,72686,62353,93248,17799,,9071,3926,6578,,
5/2/2022,55000,49676,63713,15262,,9280,3297,6107,,
6/2/2022,50285,43445,55194,14094,,10211,1986,6338,,
7/2/2022,98560,92844,124610,17293,,6522,1458,5313,,
8/2/2022,98032,92020,124969,17366,,4474,1211,4916,,
9/2/2022,94691,89008,121477,17226,,4337,1188,4527,,
10/2/2022,92623,86781,118187,17308,,4597,1479,4684,,
11/2/2022,93668,87077,118590,18128,,6706,2210,5416,,
12/2/2022,63049,57073,68628,14832,,6086,2315,4984,,
13/2/2022,54957,50420,58540,14122,,7478,1561,5426,,
14/2/2022,93177,87878,117568,17484,,4530,1063,4938,,
15/2/2022,92411,86260,115961,16709,,3692,1017,4123,,
16/2/2022,92577,85813,115810,16460,,3708,993,4238,,
17/2/2022,90560,84067,111937,16436,,4200,1297,4514,,
18/2/2022,90519,82929,111114,16829,,6253,2148,5159,,
19/2/2022,61668,56317,67440,14382,,5540,2317,4588,,
20/2/2022,52260,47417,54777,13498,,7013,1509,4868,,
21/2/2022,89050,81677,109198,16573,,4402,1748,4722,,
22/2/2022,88733,82118,110337,16058,,3656,1634,4002,,
23/2/2022,88528,82570,110634,15963,,3814,1815,4131,,
24/2/2022,85402,79043,106205,15802,,4485,1723,4258,,
25/2/2022,88259,81104,108539,16702,,6999,2308,4871,,
26/2/2022,61122,58623,69957,14803,,6376,2554,4343,,
27/2/2022,53632,51037,59557,14646,,7189,1554,4807,,
28/2/2022,87320,81046,110044,17013,,5295,866,4771,,
1/3/2022,88068,81643,111374,16913,,4620,1555,3925,,
2/3/2022,90322,83739,112833,17109,,4293,1614,4141,,
3/3/2022,88571,82120,111200,17399,,5133,2312,4485,,
4/3/2022,88413,81240,110925,17375,,7716,2114,5406,,
5/3/2022,60794,56790,69349,15468,,6507,2800,4722,,
6/3/2022,58924,54889,64235,16986,,7976,2456,5286,,
7/3/2022,95906,86808,119234,20292,,5494,1982,4967,,
8/3/2022,92108,85372,116376,18738,,4752,1973,4517,,
9/3/2022,92942,87363,117385,18484,,4488,2100,4646,,
10/3/2022,92366,86162,115746,18548,,5642,2429,5001,,
11/3/2022,92951,84213,116836,18256,,7468,2753,5530,,
12/3/2022,64379,61284,73444,15729,,6686,3278,4950,,
13/3/2022,59034,55165,65658,16095,,8512,2979,5911,,
14/3/2022,92249,84552,114490,18112,,5779,1980,5210,,
15/3/2022,92421,85593,117249,18065,,5042,2219,4808,,
16/3/2022,93688,87654,118663,18299,,5259,2238,4874,,
17/3/2022,92851,86255,117285,18209,,5423,2259,5144,,
18/3/2022,96898,88108,119756,19927,,7704,2881,5977,,
19/3/2022,69544,67400,78543,17304,,6783,3362,5672,,
20/3/2022,59574,59412,65824,16675,,8397,2085,6254,,
21/3/2022,92882,85220,115708,17270,,4976,1217,4868,,
22/3/2022,92554,86997,118980,17171,,4125,1264,4513,,
23/3/2022,95640,89512,122409,17375,,4274,1714,4601,,
24/3/2022,95882,89178,122554,18382,,5742,1505,5416,,
25/3/2022,101961,93101,128740,20223,,9185,3077,6854,,
26/3/2022,75783,69651,88042,19420,,8334,4064,6588,,
27/3/2022,67675,60520,73897,17907,,9520,2166,6953,,
28/3/2022,98814,89904,122934,19285,,6433,1585,5375,,
29/3/2022,99823,90858,128467,19778,,5170,1609,5306,,
30/3/2022,103870,97589,133843,20868,,5327,1669,5550,,
31/3/2022,106728,99674,136642,21886,,6515,2446,7215,,
1/4/2022,115885,105996,146680,24158,,9382,3284,8959,,
2/4/2022,84875,77900,93015,21367,,8056,2846,7978,,
3/4/2022,53264,48185,55332,12723,,7555,1228,5661,,
4/4/2022,100978,93220,126512,17636,,6337,980,5823,,
5/4/2022,103119,97368,132361,18195,,4615,780,4635,,
6/4/2022,105192,100332,137164,18339,,4093,730,4680,,
7/4/2022,107192,100993,137458,19895,,4698,1074,5218,,
8/4/2022,109911,76598,141574,20130,,8188,869,7074,,
9/4/2022,70256,64561,75926,15338,,6134,1140,5386,,
10/4/2022,62988,56411,66454,15207,,8578,1126,6757,,
11/4/2022,109002,101997,138042,19680,,5048,654,5403,,
12/4/2022,110118,104178,142081,20346,,3836,633,4374,,
13/4/2022,112234,107497,145722,20908,,4250,594,4679,,
14/4/2022,112208,105452,144658,20484,,5435,1193,6083,,
15/4/2022,117561,109943,149336,22378,,8702,1076,7218,,
16/4/2022,85847,72797,89478,19681,,7142,1330,6149,,
17/4/2022,72156,61854,73724,17805,,8427,1112,6751,,
18/4/2022,110300,102032,136265,20447,,5143,814,5487,,
19/4/2022,78077,64611,77848,17239,,7028,808,4863,,
20/4/2022,118284,111416,152385,21808,,4554,797,4958,,
21/4/2022,121416,112125,154833,22551,,4779,1087,5712,,
22/4/2022,133400,118864,162330,26552,,8074,978,7034,,
23/4/2022,122845,86991,113889,29210,,7361,1331,6179,,
24/4/2022,107223,74695,94331,27559,,8836,1205,6516,,
25/4/2022,135449,118177,162437,27981,,5816,1112,5738,,
26/4/2022,135032,120274,166623,26927,,5884,1234,5297,,
27/4/2022,137899,123023,168954,28106,,7766,1611,6072,,
28/4/2022,139538,123390,169249,28893,,10501,2523,8165,,
29/4/2022,147101,126802,167248,29978,,13138,3167,9431,,
30/4/2022,109324,85864,97826,27603,,13038,3437,7854,,
1/5/2022,93790,80061,88100,34608,,11557,3338,6904,,
2/5/2022,72531,78935,91386,28428,,10035,2182,4550,,
3/5/2022,80459,88111,106558,32938,,10614,2861,5990,,
4/5/2022,71932,75458,84030,24813,,12496,4266,9143,,
5/5/2022,89783,90866,109830,23638,,11659,4676,9646,,
6/5/2022,90205,93942,112954,22461,,11975,4507,9379,,
7/5/2022,75879,78392,85848,20340,,12319,4952,9897,,
8/5/2022,74473,72525,81006,19408,,13248,3768,11373,,
9/5/2022,119487,116460,154107,22686,,10182,1964,6805,,
10/5/2022,123448,120921,162942,24049,,8414,1790,6074,,
11/5/2022,125446,124979,168866,23560,,6857,1765,6055,,
12/5/2022,125126,124694,169588,24592,,7631,2307,7787,,
13/5/2022,133506,132193,178090,26533,,11468,3077,10933,,
14/5/2022,93269,98192,123882,24736,,11873,4352,10595,,
15/5/2022,87355,91144,111061,27198,,11485,4442,11324,,
16/5/2022,78606,79319,92095,19447,,11889,2841,9461,,
17/5/2022,128240,126418,173924,24406,,7578,1476,8108,,
18/5/2022,130407,130607,179596,24340,,6056,1366,5954,,
19/5/2022,128679,129740,179286,24749,,7065,1915,7608,,
20/5/2022,132789,137365,177055,27988,,10211,3106,8987,,
21/5/2022,91821,95882,112718,23078,,9706,4024,9077,,
22/5/2022,79686,82280,95912,21621,,10961,3132,9041,,
23/5/2022,126363,127046,171952,24901,,7751,2607,6452,,
24/5/2022,128581,131630,179714,25621,,6277,1414,5606,,
25/5/2022,131098,133094,182571,25967,,6516,1358,5959,,
26/5/2022,132872,135876,183744,26478,,8633,2266,7736,,
27/5/2022,140420,139425,188027,28671,,11811,3563,10107,,
28/5/2022,105814,103033,125357,26912,,11046,4225,9015,,
29/5/2022,83464,87087,101529,25238,,11382,3222,9394,,
30/5/2022,131014,132562,177696,26959,,8496,1603,6909,,
31/5/2022,132499,137234,186095,27474,,6739,1459,6069,,
1/6/2022,142442,143401,193943,27902,,7284,1851,6158,,
2/6/2022,136092,140294,190196,27756,,10210,2754,8526,,
3/6/2022,148201,144153,194596,30715,,12720,4440,11766,,
4/6/2022,114042,103435,126549,28756,,12722,5992,11518,,
5/6/2022,114199,107442,128614,34818,,12735,6064,11493,,
6/6/2022,111961,98373,113716,28522,,12776,6904,13928,,
7/6/2022,150203,141397,193520,29865,,12234,5729,10122,,
8/6/2022,169440,150016,207724,31576,,11436,5540,8847,,
9/6/2022,156703,148353,204177,31229,,11725,5850,10076,,
10/6/2022,158942,147372,199677,32565,,12326,6374,10852,,
11/6/2022,164593,104906,129486,26600,,12376,6515,10254,,
12/6/2022,100356,89634,101999,25253,,12390,3500,9900,,
13/6/2022,131546,134304,181545,27243,,9364,1954,7135,,
14/6/2022,163757,141171,193835,27403,,6927,1852,6076,,
15/6/2022,136466,141446,192143,27635,,7545,2439,6354,,
16/6/2022,143577,158121,195241,29783,13367,8553,2489,8485,,
17/6/2022,157576,171000,207611,35975,22621,11463,3877,10030,,
18/6/2022,123615,149262,143497,36060,28885,10602,5584,9167,,
19/6/2022,114630,141530,127028,35967,32066,11542,3817,11355,4348,
20/6/2022,152913,164577,198575,34114,21564,9577,1995,7926,5553,
21/6/2022,156975,171482,209439,34854,22535,7342,1805,6527,4986,
22/6/2022,157490,175659,213269,35701,22845,7033,2190,6251,5046,
23/6/2022,158203,174492,212473,36241,23000,8712,3197,7881,5357,
24/6/2022,167111,183327,216502,41057,24787,11742,4465,9482,6528,
25/6/2022,138982,165481,162279,42283,42374,11139,6175,9101,5747,
26/6/2022,125384,148727,140700,43642,22542,11564,3773,9453,5704,
27/6/2022,157283,169869,204633,35939,22913,9469,2274,7354,6581,
28/6/2022,160579,173999,211062,36582,22649,7227,2244,6833,4766,
29/6/2022,166271,179856,216743,37128,23601,7219,1931,6807,4884,
30/6/2022,165063,178473,215592,38006,23815,8647,3152,7334,5278,
1/7/2022,174670,188535,222001,42160,32369,11390,4438,9424,7113,
2/7/2022,144912,165383,165494,42933,46503,10943,5878,9751,6560,
3/7/2022,129491,155930,139231,41294,33215,11664,3863,10476,5689,
4/7/2022,158703,170901,205686,37128,23313,9153,2681,7538,6322,
5/7/2022,162472,175806,217152,37383,23872,7191,2291,6777,5105,
6/7/2022,167665,180731,221650,38447,24288,9374,2160,8466,5064,
7/7/2022,170024,179703,217903,38422,24679,11857,3751,10870,5972,
8/7/2022,170958,180826,208846,40747,26366,12545,5529,13003,7463,
9/7/2022,122152,140043,128805,40003,25503,11979,4328,10149,6954,
10/7/2022,113075,145196,129409,44978,31152,10676,2780,6150,6604,
11/7/2022,103647,113062,119503,39351,16772,12375,5219,11220,6684,
12/7/2022,170811,211485,210442,35772,39049,11839,4998,11048,6173,
13/7/2022,159044,174581,211022,36663,24103,10012,3542,8664,5324,
14/7/2022,159337,175771,213817,37200,24913,8929,3907,7877,5731,
15/7/2022,163570,181487,213174,39921,26812,11106,4489,9121,7211,
16/7/2022,101087,109509,116248,26998,15629,10479,5769,8607,6528,
17/7/2022,81755,88488,93781,23113,12694,11315,3824,8878,5664,
18/7/2022,138425,146188,181558,29484,18345,9214,2362,7453,6363,
19/7/2022,142936,151462,193037,28656,18433,6854,2090,6458,5136,
20/7/2022,146074,155983,197842,29973,15662,7279,2389,6439,5084,
21/7/2022,143225,152766,192678,29894,18836,8143,3194,8180,5633,
22/7/2022,145341,152232,187516,32238,18912,11128,4361,9570,6771,
23/7/2022,96401,105426,108353,26062,13438,10329,5638,8880,5969,
24/7/2022,81384,88110,88813,23479,12108,11126,3949,9251,4966,
25/7/2022,142472,148443,183219,29913,18612,9366,2562,7501,5986,
26/7/2022,145951,154324,197510,30434,18953,7460,2156,6603,5428,
27/7/2022,145561,154517,196302,30623,18821,7294,2581,6481,5412,
28/7/2022,143779,152609,191922,30801,18598,9374,3424,8331,5838,
29/7/2022,150071,154424,187346,34312,19537,11840,4714,10623,6742,
30/7/2022,103035,114520,119090,32754,14830,11196,6443,10368,6200,
31/7/2022,88705,98056,101614,27995,12527,11371,6296,10436,5057,
1/8/2022,145387,151893,186888,32429,19159,9563,3312,7754,6787,
2/8/2022,147793,157421,198902,32611,19559,7305,2093,6901,5725,
3/8/2022,148050,161055,202120,32552,19806,6936,2751,6582,5721,
4/8/2022,150031,161231,200429,33609,20196,8450,2947,8615,6618,
5/8/2022,155395,162358,197260,36478,20504,11552,4336,10390,8325,
6/8/2022,107678,116458,119981,33278,14734,10942,5930,10027,7361,
7/8/2022,94151,99650,101612,32125,13488,11689,4094,10452,6753,
8/8/2022,146547,155300,190783,33390,19771,9433,2266,7644,8932,
9/8/2022,150965,161579,204577,33348,20316,7451,2202,6677,6180,
10/8/2022,152762,163706,207871,33713,20556,7445,2257,6985,7879,
11/8/2022,150168,160445,202523,33399,19978,8677,2920,8797,6595,
12/8/2022,151993,159548,196478,34937,20875,11523,4333,10536,8393,
13/8/2022,101045,109237,115701,29379,14392,10748,6147,9652,7096,
14/8/2022,86580,92376,96053,27256,12642,11683,4233,10448,6272,
15/8/2022,146836,153682,190010,33455,19807,9618,1886,7752,7378,
16/8/2022,150633,159716,204832,33594,20229,7415,1954,6837,6578,
17/8/2022,151232,164180,207230,34013,20524,7278,2107,6850,6301,
18/8/2022,160782,161687,203418,33978,20438,8749,2642,8663,6681,
19/8/2022,152171,160859,198205,35595,20606,11455,4182,10060,8619,
20/8/2022,97033,107012,114357,27834,13816,10881,5786,9882,7163,
21/8/2022,84907,93935,97222,25800,12329,11561,3791,9676,6088,
22/8/2022,147002,149240,191757,32817,19535,9305,2416,7486,7128,
23/8/2022,152237,161510,207057,34355,20418,6903,1912,6275,6109,
24/8/2022,153364,165996,211256,34182,20961,7095,2345,6622,6558,
25/8/2022,151014,161239,205547,33691,20109,8562,3441,7962,7060,
26/8/2022,158883,163931,204589,36049,21188,11632,4047,10226,8588,
27/8/2022,108547,110295,120729,30076,15019,11091,5856,10101,7430,
28/8/2022,94873,94220,102529,27811,12616,11745,3663,10416,6314,
29/8/2022,153956,157453,199398,35159,20308,9155,2508,7681,7706,
30/8/2022,167338,172609,228041,37966,21924,9611,3550,9065,6876,
31/8/2022,173713,163601,184232,42909,23353,10933,6002,9253,7202,
1/9/2022,152642,162101,202727,34940,20986,10086,5239,9881,8690,
2/9/2022,160229,164729,200995,37202,21756,12308,5180,12984,9072,
3/9/2022,111243,112500,123338,31443,14991,12082,6477,12371,8628,
4/9/2022,100744,101698,111391,31016,13556,12214,6130,13236,7613,
5/9/2022,154253,164266,205600,38073,22135,11813,6412,11093,8905,
6/9/2022,159092,173872,221795,39574,22858,11483,6219,10440,8672,
7/9/2022,164828,180790,230551,40112,23879,11865,6745,11231,8599,
8/9/2022,162335,176304,226156,39591,23942,11979,6589,11915,9163,
9/9/2022,163997,169322,212490,40699,22692,12368,7136,13347,9337,
10/9/2022,177487,122024,137828,36256,15501,12280,6768,12390,8074,
11/9/2022,93666,97117,102184,29395,13279,12322,4960,12059,6694,
12/9/2022,156689,163172,203283,34954,21803,10795,2984,8089,7870,
13/9/2022,159617,169839,217410,35173,22252,8217,2455,7345,7031,
14/9/2022,159729,172653,220095,35197,22634,9843,2978,7582,7117,
15/9/2022,164838,174798,219467,36703,24152,12441,4401,16660,7813,
16/9/2022,104734,121125,122381,33910,15634,12538,6312,12644,9442,
17/9/2022,96704,107675,115563,31106,15031,11489,6694,10747,8090,
18/9/2022,86581,89529,94374,25471,12616,12568,5746,15070,6937,
19/9/2022,149896,157553,193719,32929,21583,10925,2618,8344,7913,
20/9/2022,155978,166570,212002,33904,22265,7902,2480,7101,7064,
21/9/2022,157815,170636,215809,34817,22595,7194,2969,6791,7044,
22/9/2022,156310,167402,209113,35712,22700,8368,4075,8742,7623,
23/9/2022,160308,168652,204794,36377,22694,11475,4610,10813,8829,
24/9/2022,109484,117224,122413,30825,15972,10924,6488,10289,7698,
25/9/2022,90950,96122,99624,27495,13362,11604,4234,10456,6670,
26/9/2022,143071,158876,188643,31912,22159,9472,2591,7982,8120,
27/9/2022,156668,168985,210920,35162,23203,7231,2420,6999,7203,
28/9/2022,159188,171649,215116,35536,23193,7693,2505,7094,7427,
29/9/2022,156950,169513,210350,35454,22716,8993,3275,9136,7910,
30/9/2022,160936,171478,205963,37417,23070,11738,4658,11180,9170,
1/10/2022,116122,119158,127192,32171,16077,11733,6221,11022,7966,
2/10/2022,98055,101951,109332,30833,14074,11920,4578,11404,6615,
3/10/2022,158374,167131,205792,36553,23177,9980,2806,8301,7950,
4/10/2022,162512,174625,221519,37419,23623,7366,2396,7135,7295,
5/10/2022,163866,177469,225715,37852,24231,7822,2969,7453,7292,
6/10/2022,161898,174141,221409,38142,23883,10439,4106,11324,8659,
7/10/2022,164935,173747,212753,40062,24454,13163,5203,14433,9202,
8/10/2022,113894,122057,133005,35525,16871,13163,6690,12835,8532,
9/10/2022,102401,111970,120017,37969,16093,11912,7108,13077,7324,
10/10/2022,95038,97844,102022,27225,14770,13325,4271,14019,8344,
11/10/2022,161625,170777,217648,38133,24095,10498,2186,8154,7533,
12/10/2022,161413,174013,221821,38188,24337,8353,2767,7540,7642,
13/10/2022,160827,171864,220431,37442,24083,8881,3388,9996,8472,
14/10/2022,163305,171958,214623,39618,23718,11271,4460,10711,9194,
15/10/2022,104253,112804,124157,31574,15700,11381,5511,10873,8048,
16/10/2022,93832,97384,106501,30149,13651,11659,4180,10602,7013,
17/10/2022,157299,164509,205096,36473,23186,9250,2357,8122,8411,
18/10/2022,160972,171010,219875,37125,24113,6970,2540,6988,8100,
19/10/2022,164448,175928,225231,37229,24400,8201,2976,7265,8229,
20/10/2022,164358,172372,221514,38633,24108,11498,4202,13535,9103,
21/10/2022,172207,177454,216630,40305,25494,14575,6370,18373,9267,
22/10/2022,126259,123374,135745,36040,16932,13490,6499,13900,8570,
23/10/2022,106936,122637,133166,40629,16119,13094,6435,12162,8011,
24/10/2022,94237,104690,110824,32713,14918,13647,7648,14955,7862,
25/10/2022,143924,157297,192263,35348,21536,12271,5830,12411,8178,
26/10/2022,145891,160523,200722,34764,22214,11757,3651,9555,7726,
27/10/2022,149982,162031,204578,35269,21914,9998,4008,8777,8044,
28/10/2022,152216,163733,200216,37216,21947,11643,4359,10422,9000,
29/10/2022,101828,113962,124113,31324,14818,11631,6046,10998,7926,
30/10/2022,85914,93444,100900,27505,12476,12453,3698,10523,6690,
31/10/2022,150314,160863,196177,35372,22922,9570,1951,7764,8141,
1/11/2022,157158,170242,213340,37072,23617,6666,1786,6879,7442,
2/11/2022,157499,169483,215830,37402,23876,6614,1785,6965,7479,
3/11/2022,157201,169336,212684,37200,23674,10525,3090,10167,8176,
4/11/2022,160658,171719,207194,40336,24094,12356,4106,12440,9101,
5/11/2022,104667,119076,118744,34467,16989,10995,5070,11409,7936,
6/11/2022,93949,99636,102587,29743,13648,12063,3775,12272,6807,
7/11/2022,151803,163627,186418,38105,23534,9986,1955,8181,8192,
8/11/2022,150193,171123,134319,46679,23597,7008,1662,6809,7639,
9/11/2022,135603,160697,46292,46778,22811,7107,2431,6967,7854,
10/11/2022,132122,153934,40717,46353,22316,8812,3611,9128,8300,
11/11/2022,136665,158259,39608,48784,22820,11988,4213,11310,9052,
12/11/2022,90957,108122,21820,37374,15595,11750,5230,10688,8093,
13/11/2022,81764,92540,18080,33615,13156,11505,4109,10737,6982,
14/11/2022,141677,153084,157358,35894,22430,10055,2223,8599,8363,
15/11/2022,152135,166455,197786,35891,23643,10595,2123,9153,7878,
16/11/2022,161277,178844,218582,36704,25206,13041,3202,14015,8013,
17/11/2022,161586,175514,209881,36722,25015,13612,4817,16175,9072,
18/11/2022,89991,96426,105703,25940,14273,14150,6553,13496,8974,
19/11/2022,79947,81258,89707,26726,12258,12923,3896,9644,7729,
20/11/2022,81538,86970,94362,25270,12879,13364,6937,14166,7281,
21/11/2022,141156,149109,173870,32686,21593,12949,3748,14706,8476,
22/11/2022,154721,165763,208018,34216,23072,10703,2460,8145,7865,
23/11/2022,157174,172215,215463,36430,23717,9367,2145,7219,8109,
24/11/2022,157011,171465,213730,37569,23707,9695,3121,8741,8604,
25/11/2022,158861,170811,208569,39214,23391,11908,3657,11694,9247,
26/11/2022,142717,119608,132412,32198,15761,12635,5619,11681,8237,
27/11/2022,94343,106903,113005,33911,13865,12204,4608,10487,7412,
28/11/2022,85296,96898,100718,27468,13430,12371,4831,12147,8789,
29/11/2022,133636,162470,177906,28678,22909,8864,1994,7934,8272,
30/11/2022,160686,175322,216826,40490,23969,8439,1859,7133,8306,
1/12/2022,158719,173243,219104,41816,23709,10045,3413,9827,8974,
2/12/2022,164755,176120,215439,44350,23861,12266,3748,13483,9394,
3/12/2022,121916,127741,147355,38778,16567,12430,5210,12908,8434,
4/12/2022,98235,106577,116524,35126,14213,12098,4056,12385,7509,
5/12/2022,155870,166967,206273,39561,23649,10782,2513,9094,8878,
6/12/2022,160070,173498,220625,40437,24148,9687,2198,8035,8437,
7/12/2022,163403,180108,221959,42806,24677,9940,2603,8622,8521,
8/12/2022,161393,176753,221779,41573,24811,11476,3653,10488,9114,
9/12/2022,170777,177981,216881,43336,25299,13356,5088,12191,9684,
10/12/2022,114875,122878,134952,37633,16699,13025,5581,12153,8781,
11/12/2022,103791,114972,119193,39370,15622,13082,5177,13914,8032,
12/12/2022,145952,156503,186561,45724,21618,12649,4838,11254,9116,
13/12/2022,157791,174035,220856,41561,24529,11459,4256,9548,9087,
14/12/2022,158698,178183,222619,40930,24766,11186,3915,9349,9372,
15/12/2022,158121,176983,221878,41718,24209,11957,4927,11023,9720,
16/12/2022,160770,176141,217175,45194,24192,13120,4630,12379,9879,
17/12/2022,127553,139741,173060,42894,18020,13113,5526,11433,9054,
18/12/2022,124515,124970,150667,40680,16407,13146,5712,12330,8627,
19/12/2022,152009,163263,200710,42581,22655,12703,3732,10759,9458,
20/12/2022,155502,173196,212073,42359,23835,11973,3583,9935,9471,
21/12/2022,156148,175715,216365,41947,24151,11934,3934,10174,9745,
22/12/2022,154101,165916,208509,41747,23035,12643,4620,13852,9931,
23/12/2022,160878,173046,205977,45075,23995,13975,5156,15101,10036,
24/12/2022,141842,144906,149332,48269,17946,13507,5699,12813,9431,
25/12/2022,120559,151541,147068,57588,18736,13159,6016,12183,9214,
26/12/2022,100469,113113,116910,37171,15086,13366,6630,15038,9318,
27/12/2022,144998,154116,188181,40577,21722,12122,5187,11678,9592,
28/12/2022,147319,161703,195445,41128,22463,12266,5351,11099,9825,
29/12/2022,146241,159355,192497,42552,22135,12248,5836,12335,9924,
30/12/2022,150034,159251,189596,44110,21893,13236,6099,13121,9994,
31/12/2022,138382,155629,165835,52052,19377,13161,5914,12707,9213,
1/1/2023,115467,127591,132223,46494,17106,12963,3994,11735,7864,
2/1/2023,89820,94715,99292,29279,13995,13264,4221,12462,7547,
3/1/2023,191994,172976,219836,37780,24345,10693,1906,8518,8430,
4/1/2023,160504,175987,223011,38432,24322,7931,1824,7339,7963,
5/1/2023,158133,174606,212051,40666,24557,8206,2622,9093,8405,
6/1/2023,162067,175959,212909,41227,24294,10832,3071,10122,9356,
7/1/2023,149618,120676,128515,33381,16291,10451,4427,9692,8126,
8/1/2023,91472,100974,102887,29963,13870,11119,3181,10401,6794,
9/1/2023,163522,173731,215462,38387,24494,8307,1589,8167,8226,
10/1/2023,168476,181398,231756,40226,25296,6468,1651,7017,8016,
11/1/2023,173549,188139,238110,41137,25600,6912,1780,7165,7877,
12/1/2023,171901,179420,235587,44585,25340,8193,2612,8766,8500,
13/1/2023,175529,184449,224938,42786,25554,11138,2932,10225,9285,
14/1/2023,117070,126784,129034,34708,16982,10495,4541,9281,8182,
15/1/2023,126288,109305,108926,31204,15294,11032,3216,9935,7106,
16/1/2023,163697,176188,216800,38848,24840,9169,1763,7893,8334,
17/1/2023,170034,187077,235205,39971,25703,8173,1704,7156,8792,
18/1/2023,173405,191516,236860,40050,26390,10009,2616,8078,9105,
19/1/2023,174880,187779,229248,40731,26188,12776,4828,15426,8371,
20/1/2023,157762,163205,196827,40433,24666,13872,5615,15034,7728,
21/1/2023,100099,95600,112134,34477,14778,13327,6528,12761,6462,
22/1/2023,104291,104818,127183,46299,15903,11872,7214,11589,8075,
23/1/2023,99938,103752,121796,41776,15857,13388,7248,12827,7758,
24/1/2023,85384,89532,96409,30541,13870,13658,6216,16257,7702,
25/1/2023,128882,135167,174525,37053,19723,12154,4264,10853,7779,
26/1/2023,133492,142449,181900,37251,20174,11328,4112,9909,8535,
27/1/2023,128567,146999,181851,46732,20320,12218,4285,10908,9772,
28/1/2023,118891,108712,116321,37069,14483,12143,5052,10511,8173,
29/1/2023,82803,98233,102989,32996,13370,12238,4053,10573,6678,
30/1/2023,138834,163187,200412,45793,22669,10879,2373,9011,7724,
31/1/2023,142870,176869,220187,47422,24155,9947,2600,8134,7080,
1/2/2023,92490,116731,132513,30047,16978,9505,2138,8160,6923,
2/2/2023,146401,179107,223621,49678,24584,10409,3870,10681,7580,
3/2/2023,150563,184811,221199,51514,25853,12206,4174,12445,9035,
4/2/2023,98443,122765,125235,40187,17535,12311,5979,11793,8004,
5/2/2023,87869,113489,113545,41268,16154,11753,4980,13497,6754,
6/2/2023,76272,92490,96772,30224,13654,12340,2815,11436,7887,
7/2/2023,145987,177246,226316,50005,20619,10328,2150,8979,7000,
8/2/2023,149118,183879,233640,50646,20936,9013,2349,8248,6868,
9/2/2023,146689,181403,231776,51324,20989,9630,3251,9825,7550,
10/2/2023,149205,182932,223607,54263,20834,11875,4134,11152,8920,
11/2/2023,132885,122267,130562,42515,14134,10992,5379,10140,7837,
12/2/2023,91573,106333,113915,40127,12644,11550,4168,11165,6716,
13/2/2023,147759,177132,224187,51592,20559,10494,2386,8625,7964,
14/2/2023,153891,192946,248887,54686,21156,8392,2320,7953,7369,
15/2/2023,151032,187264,242868,52052,21185,9192,2417,8414,7250,
16/2/2023,149254,183945,236958,51749,21642,10537,3035,10758,7953,
17/2/2023,152272,182412,226770,52707,21427,12806,4992,12467,9171,
18/2/2023,102683,119029,128846,39449,13889,12566,5717,11071,8128,
19/2/2023,92005,105405,110341,37181,12784,12850,5432,12316,6883,
20/2/2023,142058,172027,218594,50742,21006,11562,3947,10115,8143,
21/2/2023,145244,178568,233774,51158,21277,10320,4417,9134,7745,
22/2/2023,148150,184524,237250,51290,21419,10415,3812,9510,7585,
23/2/2023,147057,180575,232099,51159,21274,11461,4797,11125,8390,
24/2/2023,149371,179319,225257,52657,25248,13289,5646,13379,9253,
25/2/2023,100736,125913,141674,42671,17060,12975,6386,11742,8365,
26/2/2023,89343,112028,119406,39152,15616,13026,5968,12936,7093,
27/2/2023,137458,168581,216193,49445,20432,11758,4704,10615,8637,
28/2/2023,141073,179260,234425,51995,20578,10897,4699,9779,8421,
1/3/2023,148868,193100,245142,55285,26883,11024,4867,9798,8331,
2/3/2023,147786,190457,244336,55992,26857,11458,4893,11889,8693,
3/3/2023,149640,187779,233789,59131,26254,13146,5371,13287,9516,
4/3/2023,168384,141703,155536,52332,18279,12783,6679,12514,8630,
5/3/2023,99450,122548,133771,48773,16588,12938,5644,13980,7086,
6/3/2023,147080,181917,229775,57830,25986,11831,4889,10923,8374,
7/3/2023,149853,192942,249058,57650,27318,10996,4579,9948,8078,
8/3/2023,154959,201743,257188,58805,28298,11023,5084,10516,8189,
9/3/2023,151292,194910,248278,58311,27423,11763,4907,11807,8888,
10/3/2023,150242,190499,238785,59942,26887,13415,6068,14261,9534,
11/3/2023,105186,133113,144100,47848,17801,12758,6628,13198,9079,
12/3/2023,94621,120507,127304,45211,16841,13055,6513,14024,8288,
13/3/2023,146750,185074,229730,54995,27209,11865,5281,11290,9346,
14/3/2023,150553,197069,251005,55705,28140,10927,5219,10072,9455,
15/3/2023,153580,204425,255717,57065,29093,10946,4948,10054,9665,
16/3/2023,152272,202121,249727,56168,68737,11482,4827,10881,9805,
17/3/2023,153510,203561,237651,55931,112156,13112,5571,12319,10020,
18/3/2023,118171,156226,150929,47086,127158,12746,5700,11457,8888,
19/3/2023,103407,139476,129319,42258,126977,13260,3733,12376,7478,
20/3/2023,149525,193609,224568,50331,99026,10964,2547,8989,8489,
21/3/2023,154444,207873,245435,51721,107404,8371,2432,8910,8295,
22/3/2023,160028,212433,249230,53392,109685,9219,2657,13293,8229,
23/3/2023,145300,187608,217888,47882,95509,9737,3283,7863,9048,
24/3/2023,145984,191564,213186,47358,99980,11610,2505,12789,9286,
25/3/2023,91234,118426,111617,32464,85836,10944,2892,9471,8238,
26/3/2023,84770,109528,101461,30376,98655,12333,3458,12531,7047,
27/3/2023,141894,182745,210153,46422,96590,10000,1700,8212,8323,
28/3/2023,146104,191735,227302,48360,104044,6945,1368,6848,8009,
29/3/2023,146962,197068,229649,47447,106269,6720,1184,6807,8161,
30/3/2023,146416,193806,226105,48596,108724,9362,2172,9875,8769,
31/3/2023,150414,200150,221817,49840,120111,12005,2339,13559,9342,
1/4/2023,92646,119519,118086,34984,49056,10987,2980,9749,8349,
2/4/2023,74873,104902,107542,32652,42143,12160,2426,11558,6880,
3/4/2023,128403,183917,217793,46728,84537,9730,1615,8164,8356,
4/4/2023,132094,194012,233637,48900,89649,7228,1283,7198,8338,
5/4/2023,133122,197274,235454,49153,89374,6875,1375,7200,9204,
6/4/2023,134499,196197,233543,49919,90414,9858,3442,11077,9255,
7/4/2023,134497,199348,224667,53003,88734,12350,2722,13924,8409,
8/4/2023,93709,131798,137765,46194,53427,10675,2742,10463,8624,
9/4/2023,87183,117076,121577,41170,47262,12351,3697,12833,7636,
10/4/2023,133575,189888,223350,50067,88069,9999,1792,8828,8626,
11/4/2023,136234,198315,240064,51183,92687,7898,1345,7144,8421,
12/4/2023,137832,201047,241156,51394,93730,8130,1441,7768,8561,
13/4/2023,135636,196612,237110,51069,91632,10993,2670,11536,9075,
14/4/2023,138070,199004,232315,54412,91838,12823,3019,13683,9479,
15/4/2023,100248,134373,142299,43667,55464,12194,2903,11025,8542,
16/4/2023,86889,116060,118937,40146,46613,11837,2557,10743,7237,
17/4/2023,134216,190357,225110,50333,88181,10732,2193,8837,8624,
18/4/2023,140288,201816,239400,52778,93066,11716,3752,11995,8423,
19/4/2023,134237,192975,223392,51282,86443,13599,4607,13160,8931,
20/4/2023,117269,162254,182749,47761,69726,13884,5185,12722,9714,
21/4/2023,88026,193332,108068,39308,76317,13537,3091,6941,9649,
22/4/2023,85722,129197,143378,46109,52609,12251,2869,6766,8769,
23/4/2023,89689,136253,151754,53910,54050,13218,4434,10043,8031,
24/4/2023,72625,107168,105575,38414,42921,13745,5442,12704,8808,
25/4/2023,100388,148498,159110,43353,63305,13423,5800,12617,8730,
26/4/2023,108400,163548,178284,43564,69334,11534,5403,12081,8815,
27/4/2023,112148,172089,189643,44351,72964,11671,5411,12455,9591,
28/4/2023,113102,172070,189982,46201,73785,13650,5362,12595,9577,
29/4/2023,84014,129448,120367,36663,51027,13613,5247,13205,9068,
30/4/2023,79052,130064,117791,38959,49189,13983,5203,12855,8375,
1/5/2023,77329,119752,109753,35822,49369,14584,6375,17585,7965,
2/5/2023,130834,189089,223631,48340,89428,11534,2735,10334,8567,
3/5/2023,130830,197307,230754,48997,91581,10967,3181,11065,8542,
4/5/2023,76525,120039,116922,35206,49960,11027,4912,11523,8938,
5/5/2023,123940,180146,204238,47273,84147,11341,3939,12074,9516,
6/5/2023,86071,130919,125426,36472,55736,11514,4641,11899,8303,
7/5/2023,77914,115923,111288,34236,47759,12101,3613,12768,6785,
8/5/2023,131862,189254,218336,47794,91287,10384,2475,8831,8461,
9/5/2023,134542,199657,237094,50362,96070,7634,1964,7470,8123,
10/5/2023,135326,202651,237838,50912,97078,7951,2117,7869,8173,
11/5/2023,135193,199133,235515,50063,96618,9595,2864,10187,8588,
12/5/2023,155220,201106,228790,51220,93892,12162,4186,12639,9490,
13/5/2023,108804,136667,133087,38869,58528,11360,4294,11563,8852,
14/5/2023,95452,119052,113623,37153,49757,11892,3216,12497,7144,
15/5/2023,149682,191649,222055,49381,92732,10475,2119,9477,8482,
16/5/2023,151847,199677,235020,49804,96685,7476,1853,8323,8147,
17/5/2023,153952,204766,240904,50043,98903,7714,1967,8744,8181,
18/5/2023,149259,196256,231263,48589,95655,9541,2764,9689,8810,
19/5/2023,151662,189183,224887,53865,93284,11899,4096,11927,9451,
20/5/2023,112752,143396,140750,41021,61155,11420,4614,10962,8601,
21/5/2023,91464,120968,118419,37465,50077,11793,3997,11893,7125,
22/5/2023,146979,187208,214510,47900,91750,10360,2916,8783,8489,
23/5/2023,150232,196056,228305,49143,96175,8229,1731,7864,8215,
24/5/2023,151343,198849,231269,48335,96313,8678,1936,8360,8276,
25/5/2023,151274,197251,230250,48186,95888,11362,3658,12216,9047,
26/5/2023,162951,200976,224838,52790,96111,13820,6015,15320,9692,
27/5/2023,139102,158770,148598,46404,66788,13185,6462,13395,8824,
28/5/2023,121106,132299,130072,44106,56660,13030,6025,15188,7698,
29/5/2023,165647,198314,226965,51834,97058,12789,5964,13096,9078,
30/5/2023,169100,208508,242751,53485,101738,12488,5815,11823,9205,
31/5/2023,176657,219424,250260,54916,104867,11995,5327,4711,9501,
1/6/2023,175361,211506,249299,55529,103959,13028,5906,13569,9582,
2/6/2023,176485,204499,232407,57731,96660,13546,6986,14933,8779,
3/6/2023,146465,156187,157850,49680,69131,13121,6987,14786,9028,
4/6/2023,131090,149436,148583,51853,64120,13022,5930,13790,8535,
5/6/2023,89366,117474,115493,36035,51959,13518,6923,17544,9032,
6/6/2023,153661,199672,234435,49066,99437,11712,2371,10528,9073,
7/6/2023,156567,207015,241051,50768,101954,9942,2122,8723,9041,
8/6/2023,158115,210260,242224,51878,102631,9823,2778,9779,9614,
9/6/2023,155450,204828,231582,53128,98460,11664,4491,11411,9723,
10/6/2023,109688,147239,146083,41532,63891,11417,5360,10849,8952,
11/6/2023,96137,128073,124821,39072,54123,11788,3900,12064,7710,
12/6/2023,151140,195458,219201,50145,96615,10525,2212,9494,8973,
13/6/2023,154145,204162,237871,50513,101502,8223,1753,8409,9177,
14/6/2023,155494,208850,240286,51519,103156,8512,2188,8294,9436,
15/6/2023,154757,207533,235490,51794,102251,10106,2938,11126,9665,
16/6/2023,154099,206417,225714,53753,98015,11875,4510,12541,9923,
17/6/2023,106553,141561,135582,41295,59911,11650,5323,11108,8983,
18/6/2023,99336,120790,114613,38276,50123,11953,3545,13160,8086,
19/6/2023,147796,193144,220256,48703,95924,11082,2249,9586,9073,
20/6/2023,152233,204464,236741,48001,101773,8549,2308,8307,9144,
21/6/2023,152905,206246,238545,49923,102633,8892,1978,7678,9148,
22/6/2023,151261,203645,234815,49390,101094,10935,3011,9673,9645,
23/6/2023,151629,204565,225022,53020,97527,12480,4752,11975,9832,
24/6/2023,105357,139251,133626,41055,61108,12082,5145,11275,8785,
25/6/2023,89285,119283,114546,37440,49843,11759,3750,11483,7454,
26/6/2023,141876,189532,223349,48452,83893,11357,2891,11593,8898,
27/6/2023,158847,213481,243056,52354,105513,13424,5196,15223,9418,
28/6/2023,150136,205696,223054,52203,96125,13881,5299,15957,9762,
29/6/2023,94379,132533,134229,46684,53966,12455,3294,8662,8855,
30/6/2023,124076,172543,180964,52882,75672,13400,5435,11793,9836,
1/7/2023,96982,131772,122778,41007,53190,13735,6850,12803,9026,
2/7/2023,88114,114121,107603,35321,47928,14428,5692,18811,7636,
3/7/2023,150804,194946,220856,50047,99320,11903,3132,11182,8639,
4/7/2023,155993,207746,243157,50875,106557,9906,2584,9113,8490,
5/7/2023,158150,213264,249099,54311,108917,8811,2381,8649,8580,
6/7/2023,156377,209163,246739,53287,106830,10245,3021,11547,9015,
7/7/2023,158379,207967,239307,56707,102618,12015,5091,13511,9510,
8/7/2023,109990,151219,145983,46789,64895,11676,5393,12618,8778,
9/7/2023,95203,129584,125290,40863,53908,11996,3916,13214,7350,
10/7/2023,156303,202693,233699,53122,104868,11082,2422,9901,8699,
11/7/2023,159590,213451,252151,52992,110396,9010,2172,8086,8349,
12/7/2023,160348,217250,254575,54006,111878,9132,2233,7881,8516,
13/7/2023,158721,212493,250390,53780,110421,10700,3056,10281,8854,
14/7/2023,158547,210405,238584,55400,106770,12271,4906,12272,9659,
15/7/2023,117871,151588,152884,46850,66387,11868,6053,11590,8531,
16/7/2023,93528,125004,121497,39691,53277,11885,4111,12376,7350,
17/7/2023,153444,200622,231488,49854,105891,11269,2364,9461,8764,
18/7/2023,158609,212831,250644,51482,112438,10573,2741,9458,8616,
19/7/2023,89868,130499,121792,35702,55751,10928,4970,8477,9027,
20/7/2023,155134,207165,240312,52035,108911,10749,3151,10313,9175,
21/7/2023,154701,205075,229539,53419,104733,12074,4693,11573,9547,
22/7/2023,104782,136589,129784,40448,58824,11669,5186,10586,8738,
23/7/2023,85410,116359,108945,36271,49859,12164,4274,11717,7314,
24/7/2023,152450,197639,227971,49600,105213,10910,2063,9183,8755,
25/7/2023,157682,207843,245899,51558,111100,9743,2608,8267,8720,
26/7/2023,158925,213272,250042,52352,113614,10016,2140,8591,9001,
27/7/2023,155926,209150,246229,52459,110956,11166,3744,10510,9214,
28/7/2023,160555,213423,242525,55341,108829,12452,4990,13566,9653,
29/7/2023,130020,156225,149707,48806,68540,11911,5756,12754,8860,
30/7/2023,92113,126797,121221,40371,52362,12089,4793,13913,7418,
31/7/2023,153214,200492,229047,52310,106464,11209,2902,10486,8717,
1/8/2023,157947,213646,246663,53354,113712,9277,1975,9718,8627,
2/8/2023,161205,218676,249761,54395,115790,9232,2438,9585,8763,
3/8/2023,157425,212789,242369,54318,112805,10354,3028,11356,9214,
4/8/2023,158400,211714,236546,56500,109276,12023,4434,12895,9575,
5/8/2023,112118,157535,145065,48462,67993,11804,5461,11973,8760,
6/8/2023,98591,134987,125688,45407,56256,11811,4103,12766,7481,
7/8/2023,157318,205453,230452,53930,110535,10875,2261,9733,9074,
8/8/2023,160812,214469,248630,54891,115313,9527,2304,8717,9582,
9/8/2023,163797,219363,253454,55053,118349,10246,2553,9240,7782,
10/8/2023,163809,215927,248750,53927,116532,11557,3980,14089,9420,
11/8/2023,164588,210877,228997,54350,109135,12954,4631,15062,9632,
12/8/2023,100952,129837,122176,40978,57646,12242,5396,12181,8580,
13/8/2023,99308,127444,118576,41841,54577,13083,5468,15873,7217,
14/8/2023,144076,186140,202927,52644,101224,11278,2700,10206,8773,
15/8/2023,161691,213021,252887,53992,117631,9895,2198,8238,8518,
16/8/2023,161948,215919,254367,54885,117256,9305,2058,7934,8627,
17/8/2023,159244,212896,249124,53822,115185,10449,3262,9414,9055,
18/8/2023,163271,209705,237307,55405,111002,11828,4376,11386,9443,
19/8/2023,112091,144198,143345,41721,67472,11551,5743,11255,8602,
20/8/2023,96216,122932,120247,39595,55656,11606,3727,11786,7132,
21/8/2023,154047,199400,229676,51939,110179,10681,2163,9039,8592,
22/8/2023,158572,210387,246448,53310,116018,8773,2293,7906,8158,
23/8/2023,160366,214731,252884,53216,117867,9191,3754,8437,8546,
24/8/2023,159491,209635,246224,53014,115128,10896,4551,10849,8886,
25/8/2023,166331,212615,242579,54798,114501,13271,5561,13606,9523,
26/8/2023,115171,151418,146511,45798,70001,12573,6591,13542,8620,
27/8/2023,95205,129276,127873,41547,57627,12635,6267,15334,7264,
28/8/2023,151161,173782,231908,53894,104791,12493,6041,13263,8764,
29/8/2023,160390,217404,256027,56469,116240,12540,6221,13317,8706,
30/8/2023,180258,238963,280470,62345,127782,12999,6970,17998,9233,
31/8/2023,126266,171105,165805,55505,106206,12967,7586,15560,9726,
1/9/2023,144989,190824,210958,55139,96878,12890,7027,15171,9170,
2/9/2023,109734,144510,135639,43543,65990,12608,7291,14945,9132,
3/9/2023,94648,120688,115149,37293,53757,13116,5193,15575,8168,
4/9/2023,153973,200593,228323,50667,111556,11270,2712,9511,9195,
5/9/2023,160965,215465,250816,53200,119307,9061,2271,8361,9295,
6/9/2023,162466,220580,256737,54268,121364,8590,2274,8403,9522,
7/9/2023,162063,219696,251881,55193,119840,10127,3468,10483,9690,
8/9/2023,161362,216054,242112,56237,113876,12158,5232,13109,9836,
9/9/2023,123587,158258,149557,51755,73090,11481,5771,11573,8904,
10/9/2023,105562,136816,130885,48423,60038,11925,4407,12539,7607,14090
11/9/2023,157865,207620,237034,51266,114692,10570,2582,9455,8598,3289
12/9/2023,162603,219123,253835,53050,121407,8035,2354,8472,8479,2979
13/9/2023,164264,221451,259750,53462,122603,9064,2240,8580,8463,3235
14/9/2023,161769,216144,255083,53424,119665,10824,4070,11415,9011,3751
15/9/2023,164722,218648,241988,57763,115343,12385,5692,15055,9575,4884
16/9/2023,116146,175551,171404,51784,70764,11990,6833,16659,8912,6210
17/9/2023,96759,129963,120994,39989,57015,12128,5676,17131,7321,4497
18/9/2023,157074,205731,235237,51361,115243,11345,2497,10612,8705,4366
19/9/2023,163811,219299,257218,52439,123396,8888,2372,8800,8342,3923
20/9/2023,164254,221684,260235,53074,122665,9050,2259,8648,8490,4399
21/9/2023,162734,217425,254011,52842,121973,10084,3264,10295,8785,4537
22/9/2023,163194,214789,243528,55096,116935,11602,4686,13551,9405,5037
23/9/2023,110680,146378,138337,42682,68714,11433,5627,11974,8267,4502
24/9/2023,93123,125473,117086,38431,56237,11513,4323,14307,7088,4719
25/9/2023,158798,208066,238390,51868,117553,10715,2441,10279,8686,4890
26/9/2023,163203,218760,255331,52453,122136,9692,2703,9636,8264,4962
27/9/2023,168906,230271,262935,54867,125977,11477,4988,16242,8581,6082
28/9/2023,99592,139344,135230,42603,63628,11956,6752,14926,9621,5066
29/9/2023,155834,201758,229233,55880,105642,12109,6187,15466,9543,6490
30/9/2023,117356,153374,163281,49665,70166,11917,6844,15873,8718,5976
1/10/2023,102970,130337,130356,43405,58121,12281,6145,17937,7266,18262
2/10/2023,159335,207806,236388,53139,116341,11218,2919,11289,8580,25561
3/10/2023,164939,218968,256508,53590,123156,9109,2417,9542,8281,27267
4/10/2023,165967,223461,260010,53911,124847,8355,2273,9203,8316,28452
5/10/2023,164723,220672,256480,54863,122200,10339,3720,12265,9213,30035
6/10/2023,168200,223259,249901,58543,119597,12073,5217,16270,9492,33455
7/10/2023,117280,162195,149888,49072,72613,11759,6350,15823,8436,25285
8/10/2023,104194,139692,131443,45088,62219,11987,5047,17619,7016,26369
9/10/2023,160677,212177,238280,53553,118494,10689,2635,11107,8513,36828
10/10/2023,163932,219206,257111,54416,122459,8994,2811,9968,8241,36856
11/10/2023,164959,222963,259229,54761,123326,8782,2684,9634,8188,37317
12/10/2023,161817,216843,255148,53359,122140,10647,4503,14523,8788,37895
13/10/2023,197735,227614,254238,57231,125479,12465,5091,19394,9320,44988
14/10/2023,111920,156597,147492,46244,72343,11912,6368,15281,8215,24921
15/10/2023,98380,133737,125136,41828,60683,12159,4246,17615,7225,24758
16/10/2023,161959,211664,242090,52511,119733,11004,2451,11338,8665,36733
17/10/2023,187016,223358,257936,54061,126318,8417,2219,9389,8301,38776
18/10/2023,167017,225107,263026,54989,126348,8878,2397,9948,8357,37769
19/10/2023,166233,221843,260680,55572,124608,10504,3579,13336,8712,37661
20/10/2023,167968,222792,254227,57816,121760,12054,4912,17160,9332,41922
21/10/2023,112580,154097,146632,45281,72141,11746,6357,14996,8275,24058
22/10/2023,102503,135134,133302,41331,61350,12231,4221,16777,6880,25665
23/10/2023,160945,209230,241915,53884,119745,10824,2330,11516,8388,36749
24/10/2023,169839,222391,259416,56513,125597,8750,2003,9712,7900,37037
25/10/2023,165138,225776,262082,57709,126379,8808,2157,10014,8075,37270
26/10/2023,164608,222732,257185,57354,124290,10491,5392,14005,8565,38168
27/10/2023,165783,220655,250659,60189,122665,12235,5437,17072,9343,43381
28/10/2023,115211,161488,168030,48649,79580,11975,6632,14800,8263,27274
29/10/2023,98246,133218,129694,41459,60780,12205,4622,17122,7165,25195
30/10/2023,158224,210083,236468,55086,118934,10819,2174,11520,8472,36646
31/10/2023,163126,222064,253988,57028,125416,8525,1998,9542,8113,36121
1/11/2023,166517,228310,260585,57820,128264,8684,2152,9630,8250,36856
2/11/2023,164381,224221,254647,58274,126047,11272,3326,13912,8519,37921
3/11/2023,167152,226627,248645,59913,123105,12370,5203,17031,9371,41594
4/11/2023,119716,161983,150292,49301,75725,11463,6512,14839,8379,25570
5/11/2023,104440,138307,129068,45456,62474,12421,4178,16672,7178,24153
6/11/2023,162582,213142,241351,55950,121885,10847,2238,11356,8553,36545
7/11/2023,168981,226412,261146,59216,128837,8998,2359,10094,8375,37343
8/11/2023,172189,233012,265948,59150,130169,10377,2948,11542,8472,38477
9/11/2023,171653,229465,260325,59143,129030,13091,5272,19419,9505,43229
10/11/2023,175560,231094,250724,61061,125915,14277,7146,24560,9469,53486
11/11/2023,125150,175168,162248,58189,77321,13436,7541,17565,8907,32896
12/11/2023,118480,176579,165194,65967,73681,12730,7846,16082,8431,36503
13/11/2023,101664,145236,134013,46834,65333,13204,7495,20440,8072,32718
14/11/2023,152628,208500,232587,55153,112376,12316,4201,16563,8473,38163
15/11/2023,162135,222189,249036,57107,123672,11393,2916,11897,8518,36907
16/11/2023,173089,220302,247627,56599,124752,11176,4196,12556,9117,35585
17/11/2023,160067,217589,238037,57383,120289,12012,5024,14889,9278,37663
18/11/2023,112646,155312,145501,46432,74150,11916,6007,14591,8495,23774
19/11/2023,96012,130333,123975,41568,59509,12196,4572,16675,7212,26195
20/11/2023,160409,212391,241405,55532,125038,11161,2505,11791,8895,36882
21/11/2023,165504,225020,260150,58940,131249,9672,2115,9964,8479,37537
22/11/2023,250614,235772,272525,62450,139113,9907,2267,9852,8733,37553
23/11/2023,168627,229179,263220,62398,130845,11027,3841,13223,9199,39279
24/11/2023,170630,232343,260425,62591,130708,12204,4061,16756,9638,43242
25/11/2023,118685,167477,156854,51628,79434,12085,5053,14846,8656,26814
26/11/2023,102424,143060,133373,46357,64832,11964,4030,16723,7456,25762
27/11/2023,161414,216086,244234,56140,125997,11515,2539,11999,8813,37635
28/11/2023,166671,228154,259900,59051,132983,10057,2483,10379,8656,37531
29/11/2023,166895,243952,263619,58403,140546,9856,2644,10457,8859,36747
30/11/2023,165275,236369,253598,59321,137403,11031,3768,14069,9546,37149
1/12/2023,168552,247693,248375,61845,140846,12495,4194,17126,9695,40889
2/12/2023,121162,210683,156112,52745,102086,11873,5176,15293,8704,27262
3/12/2023,107791,182682,134888,49677,86778,12160,4031,17563,7653,26823
4/12/2023,158852,225714,240874,57278,129915,11176,2220,12248,8980,36828
5/12/2023,162829,234592,251648,58059,135152,9448,2205,10001,8980,36220
6/12/2023,166493,240022,260962,59617,136859,9513,2509,10345,9515,36564
7/12/2023,165729,237908,257507,60404,136029,11229,3609,14003,9597,38344
8/12/2023,243298,246761,263425,67467,141735,12528,4416,17471,9810,43076
9/12/2023,137022,198646,160538,55417,94783,12014,5148,17416,9010,27802
10/12/2023,129807,189157,146307,55027,92218,12004,4253,17573,7991,27875
11/12/2023,151346,228886,215770,60232,129587,11624,3136,12960,9253,36401
12/12/2023,163424,229422,250993,58386,134679,10616,2348,10919,9299,35918
13/12/2023,161783,232067,252973,55103,134295,9836,2841,10939,9417,32801
14/12/2023,159575,228167,243813,55364,130374,11393,4116,13130,9857,34868
15/12/2023,169157,231037,238620,57597,131139,13180,4844,16098,9975,37314
16/12/2023,117347,187170,149150,50605,88673,12600,5348,14746,9151,24661
17/12/2023,107590,174998,136255,50449,81925,12832,5466,16903,8603,25232
18/12/2023,154378,221001,231376,58056,125784,12609,5256,14736,9569,36118
19/12/2023,157400,229228,243310,58686,130286,12445,4829,12356,9663,35344
20/12/2023,159376,234192,243860,59167,130264,12619,5368,14767,9850,37250
21/12/2023,156390,226323,235833,58541,127892,13069,6083,18370,9994,38097
22/12/2023,156009,222417,224242,60866,123891,13823,6187,20506,9991,41332
23/12/2023,126178,199294,179219,57465,97450,13083,6415,16767,9564,29573
24/12/2023,126020,222539,184568,68843,105650,12886,6555,15475,9405,29439
25/12/2023,112249,196188,144255,56232,93677,13089,6569,18355,9530,27572
26/12/2023,136939,199957,203335,55672,110624,12879,5088,17139,9658,33355
27/12/2023,142064,213104,215793,55830,117196,12530,4869,14948,9806,33196
28/12/2023,141124,209894,211994,57203,115891,13009,5269,16074,9998,33260
29/12/2023,141251,209228,207230,57407,113962,13154,5308,17220,9974,35202
30/12/2023,110788,178415,145818,53934,84225,12960,5371,17606,9384,27081
31/12/2023,149183,262265,200627,79585,120685,12895,5312,16531,8475,29350
1/1/2024,103076,159042,130595,51696,79011,13418,5484,18993,7848,34988
2/1/2024,153716,217041,237751,57332,129116,11678,2428,12455,8753,36078
3/1/2024,157042,224466,246491,56375,133884,9904,1876,10583,8792,34433
4/1/2024,155018,221020,243042,55223,131962,9136,2584,11614,8935,33851
5/1/2024,156007,223298,237731,57190,130901,10917,3450,13302,9436,35228
6/1/2024,105102,158047,132972,44585,80745,10871,4283,12347,8505,20458
7/1/2024,90321,133496,110222,39254,64358,11308,3597,13501,7178,20445
8/1/2024,161338,222628,239274,56278,132196,9335,1981,10774,8560,35114
9/1/2024,165949,237427,253414,56917,140539,7877,1806,11203,8451,35024
10/1/2024,167526,236495,256824,57709,139065,8684,1886,12056,8472,35044
11/1/2024,167341,233742,252494,59613,137389,9844,2971,13509,8875,35674
12/1/2024,171423,239607,250510,61195,137321,11570,3683,15445,9401,39453
13/1/2024,131116,176910,145906,48575,88603,10855,4623,13229,8772,22522
14/1/2024,101780,152481,122902,44741,74405,11271,3435,16170,7174,22453
15/1/2024,160979,223369,241545,56945,131468,10340,2226,11587,8578,35750
16/1/2024,165856,235086,258528,57168,138316,8285,1870,10421,8399,37858
17/1/2024,167244,239571,261518,57981,140181,7982,2106,9929,8367,36039
18/1/2024,165975,235011,256519,59204,137630,10236,3076,11894,8941,36258
19/1/2024,167326,239872,250623,59954,136987,11696,3895,14863,9496,38650
20/1/2024,112232,176577,143735,46208,86507,11687,4875,13168,9061,24982
21/1/2024,97180,153555,122746,42970,73060,11363,3837,13891,7340,23963
22/1/2024,163130,229585,249564,57633,134500,10365,2294,11864,8792,37809
23/1/2024,171129,245175,271194,59663,141930,9891,2027,11012,8893,41494
24/1/2024,175617,255701,274327,62053,150582,11943,3584,16911,9262,75203
25/1/2024,99739,160884,131578,41704,81255,11564,4426,13925,9811,87676
26/1/2024,157017,226106,231260,59550,127930,12321,4300,14621,9975,43024
27/1/2024,114892,170826,138859,47548,82374,12191,5352,14419,9172,26720
28/1/2024,96029,147205,119092,42535,69747,12990,4265,15932,7777,26961
29/1/2024,164224,232469,248727,59158,134653,10944,2636,12034,8852,37343
30/1/2024,168871,244641,263233,59925,140745,9049,2019,10576,8860,37177
31/1/2024,171748,255045,268155,63215,144011,9627,2610,10601,9257,37312
1/2/2024,110345,168370,155342,38708,81837,9927,3600,11925,9630,24528
2/2/2024,167247,236335,243097,59159,130610,11324,3875,14057,9621,37243
3/2/2024,123360,190133,156792,53502,90825,11402,4999,13426,8785,25916
4/2/2024,105648,161308,130682,46048,74441,11733,4198,14353,7467,25383
5/2/2024,172179,239347,254947,58095,136304,11040,2328,12429,8568,37371
6/2/2024,178800,250875,269133,59472,142849,10605,2924,11822,9704,37917
7/2/2024,181361,258635,270568,61496,144774,13294,3661,17235,9454,42587
8/2/2024,168826,236151,242448,58465,132386,14343,5525,17502,8002,42291
9/2/2024,145126,187491,196128,59148,106380,14591,6319,18369,7576,40791
10/2/2024,120724,183062,169787,68149,93213,14032,7044,16070,8108,42316
11/2/2024,127252,182602,165241,70687,90323,14118,6924,16692,7776,41047
12/2/2024,106837,161319,130448,50706,81617,14463,7065,20951,8435,33700
13/2/2024,140635,204475,207234,56343,114048,14142,5465,17163,8343,36502
14/2/2024,149656,224887,228180,56279,122304,12719,5210,15101,7750,36154
15/2/2024,152668,220617,230530,55506,123742,12750,5396,16028,9113,36251
16/2/2024,151510,212781,221662,55202,120165,12909,5947,16714,9924,35149
17/2/2024,115135,155676,132749,43440,78613,12708,6230,14874,8645,22221
18/2/2024,101449,142511,119540,40257,69311,13252,5742,16937,7234,21918
19/2/2024,172723,230066,253215,53312,134467,12418,4574,13826,8037,36426
20/2/2024,176499,243230,269049,54497,140065,11762,4794,13258,8468,37926
21/2/2024,180768,249306,275475,57684,138935,12072,4805,12769,8410,37940
22/2/2024,179822,247036,269488,56753,140300,12531,5160,14918,8448,38098
23/2/2024,182119,242257,256988,60272,138084,12949,6117,17893,9720,39386
24/2/2024,169623,183818,159240,50639,92784,12833,6558,15613,8868,23670
25/2/2024,117169,166944,140301,48376,79274,12860,6295,18330,7629,24088
26/2/2024,178115,235328,258185,56729,135950,12689,5325,15215,8382,36826
27/2/2024,182934,246509,274435,56226,142309,12451,4935,13304,8806,37064
28/2/2024,185713,253870,279314,57466,144796,12258,5150,13883,8986,37905
29/2/2024,186270,252901,276409,59795,143616,12844,5987,15852,8899,38573
1/3/2024,188995,249384,268053,62089,141862,13391,6444,19215,9868,41041
2/3/2024,139706,195237,171995,55338,96025,12726,6776,16420,9515,27472
3/3/2024,130402,175258,152048,54661,85758,12857,6357,18473,8295,26841
4/3/2024,186477,241113,265134,59523,139059,12669,4866,15335,8595,39106
5/3/2024,192409,257664,282178,60525,146540,12105,4820,12990,9323,38955
6/3/2024,196748,265735,289291,61041,150217,12186,4573,13329,9104,40035
7/3/2024,195279,259437,285010,60294,146254,12212,5035,14739,9318,40181
8/3/2024,198209,255508,276187,62877,143507,12844,5752,18053,9988,41371
9/3/2024,147949,194931,171162,54303,93320,12778,5973,15810,9395,26489
10/3/2024,131424,172713,151129,51903,80835,12947,4571,17907,8432,28332
11/3/2024,195586,247030,269096,59478,143402,10879,2643,12957,8715,37004
12/3/2024,183417,233981,262745,53876,141272,7274,2108,8890,9503,33486
13/3/2024,187531,241245,270672,53256,144886,7915,1723,9980,9622,34623
14/3/2024,187979,238180,269152,53163,143518,9473,2596,14050,9187,36408
15/3/2024,186992,236822,254316,52790,139821,11585,2825,16569,9352,38566
16/3/2024,117619,152241,132485,37208,77278,10279,3118,11415,8170,19529
17/3/2024,103038,134241,114307,35078,65252,11879,3009,14676,7349,19311
18/3/2024,185402,232543,257175,53048,142100,9532,1628,11270,8271,34857
19/3/2024,187656,239783,270490,52783,144945,7216,1515,9302,8607,34219
20/3/2024,189346,243689,270583,53653,147663,6874,1420,9261,8755,34153
21/3/2024,188363,239066,268426,52547,143833,8684,2601,12292,8624,34085
22/3/2024,193518,242789,260941,52855,145021,11625,2613,16281,9472,39440
23/3/2024,128138,159646,144677,38859,81114,10328,2916,11667,8587,19227
24/3/2024,109748,135024,122018,36805,66243,11820,2768,14512,7253,20600
25/3/2024,186459,232026,258471,53337,141473,9956,1698,11113,8421,34594
26/3/2024,200366,241644,272008,53002,146701,8125,1542,9535,8960,34383
27/3/2024,195860,251996,278863,55175,149236,10339,2805,12345,9630,36155
28/3/2024,123967,156908,138478,38093,79863,10600,2919,12060,9120,18698
29/3/2024,182922,227034,241375,53130,132224,11535,2696,14601,8334,35378
30/3/2024,136787,161181,145586,46335,80600,11653,3609,12015,8654,21794
31/3/2024,118616,136166,123186,40731,66271,11979,3085,14959,7900,20319
1/4/2024,190688,233202,258673,53052,141521,10369,2319,11072,8296,34659
2/4/2024,194353,243455,272919,53697,146047,8429,1808,9994,8830,34672
3/4/2024,198362,249738,277684,54983,149257,9613,1899,10564,9080,35893
4/4/2024,196235,242298,270034,53250,144201,12417,3865,14349,8791,36598
5/4/2024,205028,247541,263195,56445,146166,14205,4119,16695,9860,40197
6/4/2024,138273,158140,142798,45195,81865,13399,4146,13651,8794,22455
7/4/2024,125082,143661,127142,47574,68055,13021,4953,14075,7583,20043
8/4/2024,159953,198967,203412,51693,110727,12437,4771,14989,8763,29330
9/4/2024,152799,187967,188202,56915,101938,13167,4054,13412,9945,29376
10/4/2024,124942,186888,180266,61197,97003,13232,3195,10581,8327,36527
11/4/2024,119246,176012,165380,62956,88536,13661,5361,14591,9065,40924
12/4/2024,130820,177926,170704,53776,94392,13467,5759,16555,9784,30960
13/4/2024,104348,145964,122924,43188,72068,13760,6172,17701,8899,23925
14/4/2024,102134,130563,116722,37998,67136,14443,6032,22152,7191,27623
15/4/2024,172157,209368,227652,49334,128156,13017,3425,15179,8122,34804
16/4/2024,181350,227061,248474,51639,140859,10542,2823,12323,8130,36220
17/4/2024,187724,237109,260804,52924,145894,9386,2410,11097,8345,35694
18/4/2024,185814,233021,260304,52050,144008,10028,3211,14771,8328,36941
19/4/2024,189184,240513,254263,53788,143869,11651,3719,18438,9434,39803
20/4/2024,128980,172835,145335,42710,89429,11635,4369,17301,8495,24505
21/4/2024,113505,149974,124892,40789,74164,12151,3530,17801,7091,25411
22/4/2024,186110,232509,256725,53584,142827,10320,2286,12558,8111,35791
23/4/2024,191353,243451,272842,55248,148808,7994,2184,10664,8151,34845
24/4/2024,191429,248489,274518,55395,148782,8076,2276,10823,8331,34595
25/4/2024,189166,244874,270387,55801,146571,10546,3557,14154,8434,35981
26/4/2024,193453,251457,262936,56404,146185,12084,4370,18951,9461,41253
27/4/2024,143091,192673,156561,47139,94517,11864,4761,16326,8494,27535
28/4/2024,117225,162298,133240,43748,77668,11982,3961,18057,7062,25912
29/4/2024,187311,237795,260006,55840,143725,10795,2092,12888,8322,36506
30/4/2024,194819,256624,276262,58774,151140,10345,3632,14593,9759,36874
1/5/2024,119793,184437,142909,46327,87555,11480,5165,15904,7467,25261
2/5/2024,195431,250953,274442,54081,149260,10473,3078,14620,8455,37180
3/5/2024,197806,251683,266068,60125,147846,11829,4105,18094,9541,40174
4/5/2024,143552,186860,162346,49000,97466,11828,4833,18494,8310,26807
5/5/2024,123295,171318,138060,46306,84630,12149,3545,19280,7018,26645
6/5/2024,192678,240363,262910,57200,146060,10839,2187,13035,8111,36384
7/5/2024,198206,259675,283428,29351,151590,8722,1998,10716,8269,36179
8/5/2024,199795,267109,288099,28097,155057,8555,2136,10990,8288,36008
9/5/2024,197917,253896,277288,52071,150250,10275,3195,14131,8746,36321
10/5/2024,201590,257069,271257,56660,150331,12098,4523,19516,9354,41117
11/5/2024,135207,182758,153531,45689,91924,11801,5465,16419,8468,26162
12/5/2024,128056,166092,139061,47674,84088,12051,4151,16968,6936,27025
13/5/2024,195021,242010,263810,55298,147222,10705,2237,12891,8193,36130
14/5/2024,198047,253437,277017,54970,153466,8511,1929,11027,8342,35236
15/5/2024,197979,257037,277887,55196,152768,8465,2041,11586,8242,35323
16/5/2024,196937,253778,275188,55939,151399,10233,2789,16115,8180,35551
17/5/2024,200726,252606,267692,57113,149592,11765,4319,17701,9341,37370
18/5/2024,138417,187079,153988,47953,93718,11758,5299,15971,8328,23769
19/5/2024,123106,160492,133420,44665,78156,12119,3928,18271,7108,24413
20/5/2024,189554,241287,258466,52779,145344,10883,2188,14211,8800,35095
21/5/2024,196286,253671,276190,55237,152166,10271,2744,13139,9860,35923
22/5/2024,118052,168654,137209,41822,84808,11140,5262,12511,7748,20620
23/5/2024,192282,240933,259669,53432,145895,11335,4292,14220,9536,37121
24/5/2024,210072,250636,264581,57822,148879,13335,5555,19020,9789,41567
25/5/2024,169115,191869,173761,49453,100692,12809,6407,17137,8908,30648
26/5/2024,154341,171027,150886,48425,88095,12753,6481,17532,7567,29347
27/5/2024,209792,252244,261486,57351,147242,12553,5413,16531,8927,39589
28/5/2024,215276,261354,279863,59576,153482,12441,5898,14995,8931,40144
29/5/2024,224227,274188,286982,61219,157813,12639,5985,16003,8955,42924
30/5/2024,223563,266950,281624,61632,154809,12687,6660,16729,9645,42957
31/5/2024,221354,261386,267879,62698,143743,12937,6692,19432,9669,41565
1/6/2024,185932,209179,175552,55859,104973,12882,7151,19833,9067,35761
2/6/2024,162167,198291,159489,60246,94648,12900,7281,18941,7741,32746
3/6/2024,115327,161956,127811,44106,79465,13276,7169,22520,9305,28463
4/6/2024,196980,249198,269312,54798,148015,11472,2405,14566,8881,37473
5/6/2024,195988,251786,271351,55326,150154,9757,2211,11954,8928,34822
6/6/2024,194376,245986,265179,54470,148279,10066,2910,12776,9558,33736
7/6/2024,198250,251688,260313,58342,145658,11325,4623,15262,9672,35309
8/6/2024,144743,195106,158833,49750,96194,11536,5362,14432,8832,23991
9/6/2024,132320,170552,144354,49056,82792,11643,3991,15270,7618,24642
10/6/2024,197865,248543,262844,57746,147097,10912,2672,12961,9017,35125
11/6/2024,210343,258700,278563,57438,153481,9758,2337,11399,9108,35114
12/6/2024,202214,260430,277640,57629,154360,10343,2825,12349,9403,36534
13/6/2024,202468,256529,273266,56094,151551,13174,4624,18406,9863,39719
14/6/2024,203495,257088,256356,57857,150290,14461,6127,22905,9818,46039
15/6/2024,139011,185662,144886,50963,90604,13880,6488,20559,9246,29940
16/6/2024,125659,172583,133785,56223,80577,13089,5042,15917,8138,28151
17/6/2024,116649,159879,138594,52951,81141,13724,4127,13454,8060,32155
18/6/2024,185441,240978,244971,57587,135354,14016,5867,19994,8967,41650
19/6/2024,194749,253462,264955,53446,147188,11755,4231,15521,9117,38775
20/6/2024,193956,250229,265578,53377,146558,11266,3729,13780,9584,35464
21/6/2024,194890,251368,257011,55732,139848,12393,4827,15185,9833,35417
22/6/2024,142584,188870,150885,47404,95667,12448,5564,15456,8595,23276
23/6/2024,130091,160595,130408,41616,80777,12558,4503,15314,7054,24169
24/6/2024,189584,244282,256702,52722,145191,10911,2569,12951,8683,34459
25/6/2024,194186,255156,273199,53506,150199,9560,2556,11702,8402,34558
26/6/2024,196416,259838,275959,54934,151871,9368,2342,10877,8571,34703
27/6/2024,194265,255210,270789,54446,149007,10671,3724,13565,8883,34975
28/6/2024,195212,258172,265508,57884,147390,11892,5080,16473,9568,36016
29/6/2024,140938,202785,164337,51657,99383,11648,5499,14976,8921,24978
30/6/2024,120543,169715,137399,47363,81318,11899,4363,17187,7486,24205
1/7/2024,195781,252569,268960,55157,150225,10963,2444,12787,8580,35332
2/7/2024,200482,261783,282862,56567,155665,9019,2259,10686,8337,35327
3/7/2024,203010,268765,289412,57082,159991,9750,2236,10726,8399,35601
4/7/2024,202097,264607,286994,57609,155893,11175,3932,14919,8861,36225
5/7/2024,207116,266888,282608,61013,155970,13441,5605,19435,9544,43327
6/7/2024,142730,206645,172441,56046,101023,12845,7094,18247,8930,29916
7/7/2024,132547,203848,157584,57455,92936,12791,6866,17816,7629,28447
8/7/2024,115556,165449,134575,42438,82489,12919,4855,17492,8735,26568
9/7/2024,200793,263047,280219,56539,156259,11480,2779,13157,8106,37839
10/7/2024,205059,270141,289561,58792,159400,11005,2307,11829,8469,36612
11/7/2024,203117,266658,286550,57623,159483,11135,3610,13942,8837,36971
12/7/2024,201799,263438,272404,60149,155710,11997,4595,16188,9565,37194
13/7/2024,140503,197531,168997,51341,99733,11717,5563,15521,8567,26261
14/7/2024,120570,166721,145532,46527,78833,11880,4100,15759,7051,26194
15/7/2024,196946,252958,267546,55544,152523,11246,2525,13133,8471,36153
16/7/2024,201215,262939,284143,54769,158717,9976,2240,11562,7978,36540
17/7/2024,203820,269546,287944,55063,160676,9975,2785,11749,8369,36372
18/7/2024,201041,263117,280222,55062,157487,10930,3611,14238,8849,35545
19/7/2024,203725,267317,276902,47692,156915,11896,5261,17202,9097,37244
20/7/2024,144224,208405,171208,51709,105712,11742,5943,16127,8760,25282
21/7/2024,120702,166368,136580,44861,81655,11745,4775,16686,6949,22770
22/7/2024,196906,248534,269822,54640,153039,11219,2797,14628,8115,35421
23/7/2024,200663,263178,282154,53465,159136,10176,2637,12649,8128,35182
24/7/2024,200489,265491,283903,53975,159742,10262,2562,12430,8302,34667
25/7/2024,201412,263951,281000,54526,158432,11174,3957,14973,8434,35021
26/7/2024,203776,264920,275418,58401,155741,12049,4804,17030,9440,37808
27/7/2024,157058,199172,165456,52047,99989,11714,5919,16857,8834,25084
28/7/2024,123404,169794,140308,46862,81246,12042,4733,16915,7180,24195
29/7/2024,194951,250926,267116,54776,151511,11250,2862,13483,8202,34981
30/7/2024,200996,264383,283005,56368,159361,9939,3523,11399,8421,35081
31/7/2024,204121,272244,288374,57595,161644,9836,2168,12033,8425,35178
1/8/2024,204262,265899,283299,57175,159039,10786,4029,14582,8219,35905
2/8/2024,205429,265155,275437,61655,155798,11780,4985,17812,9482,38141
3/8/2024,146392,198005,163524,58147,98147,11737,6146,16456,8480,25463
4/8/2024,124605,165573,139641,51984,80472,11744,4795,16865,6836,24803
5/8/2024,197994,254366,271244,57533,155164,11081,2581,12638,8077,35650
6/8/2024,205357,266743,288986,58800,162644,9775,2264,11024,8265,35423
7/8/2024,207151,274703,293819,58871,164910,10050,2696,11192,9196,35801
8/8/2024,208296,269554,291644,59990,161728,10945,4359,14436,8722,36776
9/8/2024,209159,262760,280580,63489,157575,12100,5377,18552,8146,39065
10/8/2024,144796,207552,172413,56209,101871,11688,6059,16856,8238,26184
11/8/2024,120850,165858,138005,48111,79359,11989,5480,18614,7362,24757
12/8/2024,205055,259547,278485,58410,157874,11223,3180,13697,8273,37079
13/8/2024,207568,266935,288121,57624,162819,9958,2646,11306,8383,35702
14/8/2024,208371,271488,289782,57424,163707,9939,2406,11467,8336,35578
15/8/2024,205831,264039,284800,57708,160096,10815,4174,15181,8096,35132
16/8/2024,206027,263768,275293,60230,155767,11797,5320,18614,9429,37572
17/8/2024,143562,198435,161007,54721,97489,11334,5706,16410,8187,24493
18/8/2024,127114,174892,140575,48959,84453,11846,4415,17286,6745,23912
19/8/2024,201172,254603,270365,57015,154915,10995,2633,13527,8267,34633
20/8/2024,202945,262694,285503,56791,159585,9351,2577,11602,8043,34288
21/8/2024,205962,268041,289959,56710,160755,9320,2460,11018,7915,34442
22/8/2024,205098,260848,283952,56581,157774,10627,3738,13195,8605,33709
23/8/2024,209914,263538,276761,60312,157302,11802,5148,17414,9393,36567
24/8/2024,188168,207151,170855,51137,107217,11376,6161,15163,8130,24160
25/8/2024,123771,166976,140539,45165,85267,11753,5130,15944,6797,23124
26/8/2024,198966,250900,267069,54211,153411,10829,2801,12071,8379,33975
27/8/2024,203016,260452,284023,55178,160178,8897,2243,10791,7915,33358
28/8/2024,203051,265546,284092,55133,162007,9106,2489,10797,8330,33500
29/8/2024,201717,261798,276108,54351,159455,10694,4625,14696,9358,33830
30/8/2024,208483,274397,275060,60811,164465,12084,5487,19981,9453,39751
31/8/2024,151077,223776,175854,61590,148762,11304,6475,18587,8794,29795
1/9/2024,116430,167731,131669,39374,81744,11834,5835,18252,7641,25319
2/9/2024,186296,247214,243045,48918,150129,11185,2817,13969,8537,34078
3/9/2024,195168,262243,264268,49734,160244,9379,2889,11553,9025,34201
4/9/2024,209439,269063,286793,55323,162720,8918,2720,11217,9165,33992
5/9/2024,204667,263274,281002,55233,159983,10285,3295,13030,8929,33678
6/9/2024,205926,262075,269408,58146,155021,11471,5141,16147,9702,35649
7/9/2024,152736,204613,164817,54283,101319,11297,5897,15010,8303,23273
8/9/2024,138454,172735,142798,48146,85123,11558,5225,17278,7000,24171
9/9/2024,204112,256099,271762,55820,156714,10835,2493,13147,8127,34756
10/9/2024,206941,266335,284576,56036,162028,9225,2926,11483,8042,34384
11/9/2024,209305,272223,286563,55484,164509,10554,3067,12148,8154,34657
12/9/2024,205705,262880,276742,53859,158647,11312,4762,16713,8384,35577
13/9/2024,208120,258662,268945,56406,154901,13366,5821,22560,9517,42637
14/9/2024,148318,199935,190399,53480,101642,12975,6918,21419,8556,31136
15/9/2024,141572,204178,164844,60805,98607,12571,7107,18105,7579,29446
16/9/2024,132111,196803,153319,56322,96879,12767,7519,20506,8546,29856
17/9/2024,164068,185563,157083,43844,102339,12569,6349,18289,8896,28518
18/9/2024,202184,269554,276713,57129,157688,12463,6454,16063,8402,38463
19/9/2024,202851,268889,281772,57825,158796,12391,6599,16176,8458,37280
20/9/2024,203038,274945,271812,57619,163700,12619,6395,16866,9358,35939
21/9/2024,131042,190138,153013,45546,99062,12431,6474,15926,8132,22993
22/9/2024,122522,160056,127708,40791,82048,12689,4741,17317,6702,22611
23/9/2024,197533,246504,264470,52811,152824,11154,2956,12778,8057,33720
24/9/2024,203545,262278,281314,52510,161003,9143,2539,11341,7918,34215
25/9/2024,204256,264354,285648,52448,161288,9064,2724,11233,8078,34631
26/9/2024,204768,264865,285567,54153,160617,10162,4473,13361,8076,34757
27/9/2024,204716,265404,273673,57523,159167,11485,5256,17353,9363,36407
28/9/2024,137363,197090,158885,49231,100798,11466,6172,15807,8409,23748
29/9/2024,122237,167533,136454,46263,82959,11639,5830,16890,6825,22269
30/9/2024,199707,252337,265341,53943,154050,10581,4455,13337,8103,34155
1/10/2024,208157,269990,289395,55766,163760,8926,2586,11854,7952,34761
2/10/2024,210868,274854,288946,55536,165058,8949,2858,11505,8145,35562
3/10/2024,212972,272878,298050,57965,164869,10617,3932,15206,8672,36383
4/10/2024,214432,280817,287214,63921,164160,11911,4993,20597,9423,40793
5/10/2024,149540,218386,180639,54962,105431,11516,6154,17861,8256,27236
6/10/2024,140175,191472,155697,54620,91449,11807,4991,19955,6798,27368
7/10/2024,206418,261079,272631,58107,157584,10822,2673,13385,7954,35321
8/10/2024,211624,272310,288687,57264,165249,8974,2352,11780,7891,35635
9/10/2024,210946,274613,289876,55632,165053,9228,2569,11920,7759,35027
10/10/2024,209120,268785,289309,56378,163120,10414,4051,15930,7888,35995
11/10/2024,212082,275598,285020,60192,163687,11683,5145,19323,9401,40408
12/10/2024,143683,209715,171213,51401,104206,11514,6206,17882,8040,26953
13/10/2024,130716,180937,150112,50432,89448,12079,4572,19600,6964,27148
14/10/2024,204927,258361,274238,56347,158958,10474,2494,13885,8095,35225
15/10/2024,210346,267712,288521,55824,165769,8529,2385,11819,8057,33057
16/10/2024,213317,277067,298753,57187,168688,8069,2445,11888,7959,34836
17/10/2024,209294,269931,293310,57334,164954,9769,4149,15732,7703,36142
18/10/2024,210764,273844,284900,59984,163925,11685,4908,19796,9184,40012
19/10/2024,136167,202476,163206,48903,101810,10762,6155,16540,7739,25024
20/10/2024,126704,174688,144502,46719,87326,11393,4208,18650,6481,23976
21/10/2024,204313,255332,271104,56305,158964,10180,2203,12993,7830,33908
22/10/2024,209169,266313,288022,56816,165355,7801,2595,11299,7516,33533
23/10/2024,209391,271867,291410,56379,165410,8546,2622,11665,7583,33765
24/10/2024,211567,267867,285948,57070,163539,10220,3730,15019,8204,34339
25/10/2024,216805,273577,278886,60275,162539,11815,5230,18979,8813,36794
26/10/2024,202770,212960,174377,53691,110785,11754,6035,15611,7828,25018
27/10/2024,134913,177035,145518,46984,87834,11543,4949,18037,6624,24796
28/10/2024,202283,253303,265115,55910,155535,11416,3111,15961,8115,34366
29/10/2024,209759,267775,282005,57846,160503,12413,4980,19563,8520,38326
30/10/2024,208718,281911,279543,60904,159959,13821,6489,23583,9319,41762
31/10/2024,136394,216786,168734,58974,103796,13205,7143,19117,7700,34286
1/11/2024,173509,247850,230842,60450,133489,12729,6917,17517,9600,32498
2/11/2024,135572,197666,155180,52147,95607,12960,7226,20014,8127,26696
3/11/2024,122312,166661,136212,45468,83358,13750,5952,27688,6784,34197
4/11/2024,201885,254330,264791,57726,156129,11722,2889,14429,8016,34114
5/11/2024,208504,267819,283946,56393,163591,10118,2302,12812,7664,34655
6/11/2024,211114,276394,289907,58384,165964,8966,2721,11627,7751,33141
7/11/2024,210981,273833,287998,59136,164542,10064,4783,14551,7814,34334
8/11/2024,217237,278511,283954,62249,165471,11491,4755,19269,9199,37061
9/11/2024,148826,218054,172061,56049,111008,11387,6493,18508,7917,25376
10/11/2024,132608,181151,145455,49581,90764,11556,4901,19947,6624,24627
11/11/2024,210460,269117,279646,59504,162692,10743,2401,13683,7627,34679
12/11/2024,211918,272899,290445,58746,167435,9509,2163,11861,7835,33208
13/11/2024,212083,276565,293691,57753,167640,9408,2430,12566,7782,34022
14/11/2024,211084,272181,288957,58757,166583,10946,4510,17625,8048,37508
15/11/2024,215283,276737,282571,60945,165667,12496,5489,21801,9257,40896
16/11/2024,141851,202542,164315,50028,102097,11816,6313,18004,7911,25873
17/11/2024,128644,176072,146476,47832,87375,11984,4699,18291,6966,23945
18/11/2024,209250,265571,279269,57658,165265,11050,2386,14232,8139,34327
19/11/2024,214740,277806,298090,59075,171409,9160,2206,11889,8233,33800
20/11/2024,215276,284812,300438,58457,173734,9694,2301,14541,8094,35905
21/11/2024,226664,279488,298928,60464,171580,10805,4226,15642,8211,35181
22/11/2024,219280,283888,296832,64312,170971,11934,4559,18739,8815,39810
23/11/2024,179338,213334,181410,55863,111500,11829,5352,16444,7789,26226
24/11/2024,133715,177940,154147,48432,89305,12241,4153,19052,6813,25845
25/11/2024,207317,264468,278506,59507,163458,11432,2951,14339,8259,35918
26/11/2024,211488,273502,292895,59580,169739,9873,2187,12292,8380,35248
27/11/2024,211400,278421,295633,58705,169976,10199,2493,11622,8508,35382
28/11/2024,212373,278307,295202,61035,169212,11176,2368,15123,8442,36383
29/11/2024,219553,287120,289005,64625,170716,12263,2150,18438,9351,39887
30/11/2024,164062,226312,180474,60964,114095,11792,3465,16772,8296,27800
1/12/2024,144193,193979,156978,56509,95410,11899,2329,16462,7102,25501
2/12/2024,205735,265053,276065,57998,162834,11296,1191,14850,8255,35063
3/12/2024,211026,277400,292450,57483,169951,9915,1203,12300,8401,34454
4/12/2024,213656,285312,294813,58217,173260,10025,1504,13868,8434,37918
5/12/2024,211076,277304,290093,58664,169520,11125,2923,15102,8579,34940
6/12/2024,216168,282563,287192,65202,168581,11994,3780,18415,9455,37045
7/12/2024,164251,224984,185877,60526,113409,11789,4656,17992,8320,26507
8/12/2024,140502,192997,157139,55712,95326,12097,3715,19450,7395,27402
9/12/2024,205708,265751,277074,60105,160024,11286,2793,14360,8500,35299
10/12/2024,213122,283400,297640,60475,171507,10525,2180,11924,8715,35071
11/12/2024,208507,285866,272453,69585,168117,10367,2227,13146,8814,33322
12/12/2024,208516,275923,289402,59843,166683,10790,3123,14327,8866,34310
13/12/2024,205706,272662,274310,59794,160631,11727,4069,17708,9514,35244
14/12/2024,157720,225510,175027,68682,108945,11490,3943,16348,8445,24253
15/12/2024,137366,189538,151379,53303,92397,11789,3768,16930,7287,22896
16/12/2024,199972,259401,269285,56766,157428,11295,3055,13898,9070,35090
17/12/2024,205046,271197,284270,57430,164201,10590,2432,11924,9046,33447
18/12/2024,208895,280446,289104,58953,168013,11224,2973,12379,9412,34263
19/12/2024,203466,252241,279528,57475,160087,12105,4550,17448,9689,35459
20/12/2024,230838,280934,280343,64359,170868,13573,5098,21144,9761,41385
21/12/2024,157688,223548,208087,59550,119601,12912,5573,18166,8863,28849
22/12/2024,148044,213969,193753,59626,109625,12782,5511,18799,8189,27031
23/12/2024,195769,270298,260918,67210,153223,12606,5474,19252,9172,36101
24/12/2024,199032,288439,270090,71627,158511,12653,5354,18387,9975,35414
25/12/2024,147069,254078,181419,71911,115985,12657,6367,17346,8769,26343
26/12/2024,181588,254901,241158,61988,142623,12637,6469,18618,9182,32935
27/12/2024,177554,243013,231765,58789,137641,12686,5883,18491,9865,33111
28/12/2024,138977,196324,157602,54792,96974,12772,6108,19693,8910,25074
29/12/2024,119588,165083,136026,48545,80816,13099,4935,20948,7616,25685
30/12/2024,179275,235543,233831,58341,138478,11551,2929,16248,9543,31477
31/12/2024,244890,367376,345814,91717,220980,11051,2825,14950,9670,34476
